,ダウンロードした時刻：2023/12/14 21:16:16,,,,,,,,
,,,,,,,,,
,,,,種子島,種子島,種子島,種子島,種子島,種子島
,年,月,日,降水量の合計(mm),降水量の合計(mm),平均風速(m/s),平均気温(℃),最高気温(℃),最低気温(℃)
,,,,,,,,,
,,,,,現象なし情報,,,,
site,year,month,day,rainfall,rainfall10,wind_speed,temp_mean,temp_max,temp_min
tane,2020,1,1,0,1,4.6,11,13.5,9.1
tane,2020,1,2,0,1,6.5,13,14.5,11.2
tane,2020,1,3,0,1,9.3,14.3,16,13.2
tane,2020,1,4,0,1,9.6,13.8,15.1,12.8
tane,2020,1,5,0,1,4.3,11.7,15.6,7.9
tane,2020,1,6,0,1,3,13.1,18.4,8
tane,2020,1,7,0,1,5.6,18.6,21.5,10.8
tane,2020,1,8,9.5,0,14.1,16.5,20.8,13
tane,2020,1,9,0,1,8.8,13.6,15.7,11.9
tane,2020,1,10,0,1,4.4,13.6,17.3,10.1
tane,2020,1,11,3.5,0,2,12.9,15.3,10
tane,2020,1,12,2.5,0,9.7,13.3,14.4,12.1
tane,2020,1,13,0,1,9,12.1,13.8,10.9
tane,2020,1,14,3,0,4.9,12.6,15.3,8.1
tane,2020,1,15,0,1,8,11.3,12.8,9.8
tane,2020,1,16,2.5,0,2.8,11.9,15,8.2
tane,2020,1,17,9.5,0,5.4,12.2,13,11.3
tane,2020,1,18,0,1,10,12.1,13.3,11.4
tane,2020,1,19,0.5,0,6.8,12.9,14.3,11.7
tane,2020,1,20,0,0,7.7,13.4,14.5,12.6
tane,2020,1,21,0,1,4.8,12.2,16,8.1
tane,2020,1,22,0,1,3.8,15.6,18.8,9.1
tane,2020,1,23,16,0,5.7,18.5,20.3,17.4
tane,2020,1,24,6.5,0,3.1,16.9,18.7,15.6
tane,2020,1,25,2,0,6.2,15.7,16.7,13.8
tane,2020,1,26,21.5,0,8.1,15,17,13.4
tane,2020,1,27,61.5,0,10.6,18.1,21.3,16
tane,2020,1,28,0,0,11.1,15.5,16.4,14.3
tane,2020,1,29,1.5,0,7.1,14.1,16.6,12.3
tane,2020,1,30,21,0,8.6,11.4,13.3,9.2
tane,2020,1,31,0,1,8,11.6,13.6,10.1
tane,2020,2,1,0,1,6.8,12.4,14,10.7
tane,2020,2,2,0,1,4.8,13,15,9.6
tane,2020,2,3,1.5,0,5.6,12.7,14,10.6
tane,2020,2,4,1.5,0,2.3,11.9,15.6,7.7
tane,2020,2,5,0,0,9.9,12,13.5,10.1
tane,2020,2,6,0,1,4.6,10.8,13.4,8.8
tane,2020,2,7,10,0,3.5,12.1,13,10.6
tane,2020,2,8,0,0,11.2,11.8,13.4,10.5
tane,2020,2,9,0,1,8.9,10.9,12.9,9.5
tane,2020,2,10,0,1,10.3,12.5,14.6,10.7
tane,2020,2,11,0,1,3.4,13,16.9,8.2
tane,2020,2,12,1,0,6.1,17.8,19.9,14.6
tane,2020,2,13,3.5,0,4.7,17.8,19.6,15.6
tane,2020,2,14,8.5,0,3.2,18.3,21.5,15.9
tane,2020,2,15,26.5,0,3.3,18.4,21.3,17.1
tane,2020,2,16,62.5,0,9.4,16.1,21.1,11.7
tane,2020,2,17,14,0,15.2,9.9,12.5,6
tane,2020,2,18,1.5,0,11.8,8.8,10.8,5.8
tane,2020,2,19,0,1,5.1,10.7,13.2,7.4
tane,2020,2,20,0,1,3.3,11.2,15.4,6.6
tane,2020,2,21,0,0,3.6,14.2,19.6,8.5
tane,2020,2,22,1,0,8.3,15.9,18.4,13.3
tane,2020,2,23,0,1,8.7,13.2,14.7,12
tane,2020,2,24,0,1,2.5,12.5,17.9,6.2
tane,2020,2,25,8,0,4.6,16.9,22.1,9.6
tane,2020,2,26,0,1,6.5,18.2,19.9,15.5
tane,2020,2,27,0,1,3.9,14.3,16.8,10.2
tane,2020,2,28,0,0,4.8,14.8,17.7,11.9
tane,2020,2,29,10.5,0,4.6,17.2,18.4,15.5
tane,2020,3,1,13.5,0,3,16,17.3,14.4
tane,2020,3,2,0,0,5.5,15.2,17.8,10.8
tane,2020,3,3,0,0,4.5,15.1,17.7,10.1
tane,2020,3,4,0.5,0,7.9,15.6,17.9,12.5
tane,2020,3,5,0,1,8.7,9.4,13,4.6
tane,2020,3,6,0,1,2.5,10.7,16.7,3.7
tane,2020,3,7,10,0,4.5,15,18.4,9
tane,2020,3,8,0.5,0,6.6,15.4,17.8,12
tane,2020,3,9,22.5,0,4.1,16.4,21.4,11.6
tane,2020,3,10,8,0,13.1,18.2,21.7,14.5
tane,2020,3,11,0,1,13.3,13.1,15.2,11.4
tane,2020,3,12,0,1,3.4,12.3,14.9,7.2
tane,2020,3,13,2.5,0,1.9,15.2,19.2,10.7
tane,2020,3,14,7,0,11,13.4,15.7,10.5
tane,2020,3,15,0.5,0,11.8,12.9,15.2,10.1
tane,2020,3,16,0,1,10.1,12,15.2,9.6
tane,2020,3,17,0,1,4.9,13.9,16,11.3
tane,2020,3,18,0,0,4.5,16.3,18.2,14.9
tane,2020,3,19,0,0,6.6,17.7,20.9,14.7
tane,2020,3,20,0,1,9.5,13.6,15.6,11.7
tane,2020,3,21,0,1,5.1,16.5,20.5,13.5
tane,2020,3,22,4,0,3.1,16.8,19.3,13.3
tane,2020,3,23,0,1,6.6,18.2,20.1,16.7
tane,2020,3,24,0,1,3.3,16.4,20.4,11.3
tane,2020,3,25,0,1,3.2,17.1,22.1,13.2
tane,2020,3,26,0,0,5.4,19.2,21.9,14
tane,2020,3,27,4.5,0,6.8,20.8,24,18.8
tane,2020,3,28,18.5,0,4.6,17.4,19.2,14.7
tane,2020,3,29,2,0,4.3,15.8,18.7,13.5
tane,2020,3,30,45.5,0,5.2,15.2,16.7,13.8
tane,2020,3,31,0,0,3.8,17,18.7,15.3
tane,2020,4,1,10,0,9.3,16.6,18.7,14.2
tane,2020,4,2,0,1,5,15.3,19.4,11.4
tane,2020,4,3,0,0,3.3,15.8,19.7,11.1
tane,2020,4,4,0,0,5.7,16.6,19.4,14.1
tane,2020,4,5,0,1,7.8,15.7,17.9,13.8
tane,2020,4,6,0,1,3.8,15,18.7,12.1
tane,2020,4,7,0,0,4.1,16.4,18.8,12.7
tane,2020,4,8,0,1,5.5,17.7,20.9,11.8
tane,2020,4,9,0,1,6.4,18.1,20.1,16.9
tane,2020,4,10,0,1,5.5,17.6,20.8,13.9
tane,2020,4,11,0,0,2.4,16.7,21.2,12.3
tane,2020,4,12,23.5,0,6.1,15.9,18.1,13.5
tane,2020,4,13,2.5,0,14.7,13.5,15.8,11.8
tane,2020,4,14,0,1,5.8,14.4,18.1,11
tane,2020,4,15,0,0,2.3,15.4,19.9,11
tane,2020,4,16,0,1,3.3,16.8,21.3,12.3
tane,2020,4,17,0,0,4.3,18.1,22.3,11.7
tane,2020,4,18,3.5,0,7.8,18.7,20.7,16.2
tane,2020,4,19,3,0,5.2,18.8,22.4,12.5
tane,2020,4,20,13.5,0,10.8,18.5,22.2,16.5
tane,2020,4,21,0,0,8.9,17.2,20,16.1
tane,2020,4,22,0,0,12.9,14.4,16.2,12.8
tane,2020,4,23,0,1,12,13.8,15.8,12.6
tane,2020,4,24,0,1,9.3,14.7,17.1,12.7
tane,2020,4,25,0,1,5.4,16.8,19.4,13.2
tane,2020,4,26,0,1,4.5,18.5,22.1,13
tane,2020,4,27,0,1,5.4,18.5,20.2,15.5
tane,2020,4,28,0,0,5.9,16.7,19.7,12.1
tane,2020,4,29,0,1,2.4,16,20.5,10.7
tane,2020,4,30,0,1,2.9,17.3,22.4,12
tane,2020,5,1,0,1,3.1,18.7,23.1,13.3
tane,2020,5,2,0,1,3.4,20,23.7,15
tane,2020,5,3,9,0,4.6,21.5,24.7,18.9
tane,2020,5,4,1,0,5.4,21.7,23.9,19.4
tane,2020,5,5,0,1,2.4,20.6,25.3,18.7
tane,2020,5,6,0,0,3.8,21.5,24.9,19.2
tane,2020,5,7,0,1,6.2,20.8,23.8,18.8
tane,2020,5,8,0,1,5.4,21,24.4,18
tane,2020,5,9,0,0,4.8,21.9,25.1,18.7
tane,2020,5,10,20.5,0,5.5,22.2,26.2,20.1
tane,2020,5,11,0,1,6.3,21.5,24,19.5
tane,2020,5,12,0,1,7.1,21.6,22.8,20.3
tane,2020,5,13,0,1,6.5,20.2,22.4,15.4
tane,2020,5,14,0,1,3.8,20.8,25.4,14.9
tane,2020,5,15,2,0,5.2,22.2,24.6,16.7
tane,2020,5,16,24.5,0,8,24.2,28.7,21.6
tane,2020,5,17,13.5,0,3.8,23.3,26.1,21.7
tane,2020,5,18,20,0,6.6,23.8,27,21.3
tane,2020,5,19,0,0,10.4,22.1,23.6,20.6
tane,2020,5,20,0,1,8.5,20.6,22.6,19.2
tane,2020,5,21,0,1,3.2,19.3,21.9,16
tane,2020,5,22,3.5,0,5.6,19.9,21.3,19.1
tane,2020,5,23,0,0,5.3,22.3,25.1,20
tane,2020,5,24,3,0,5.7,22.6,25.8,20.3
tane,2020,5,25,0,1,2.3,23.1,27.9,19.4
tane,2020,5,26,6,0,2.5,22.8,25.7,19.7
tane,2020,5,27,20,0,2.5,21.4,23.4,20.3
tane,2020,5,28,0,1,6.3,21.9,23.9,20.5
tane,2020,5,29,0,1,3,22.4,25.6,18.4
tane,2020,5,30,8.5,0,3.5,21,24.1,18.2
tane,2020,5,31,13.5,0,4.5,20.6,22.7,17.8
tane,2020,6,1,0,0,3.2,23.4,26.1,21.4
tane,2020,6,2,1,0,4.2,23.6,25.8,21.8
tane,2020,6,3,94,0,3.2,23,27.5,21.4
tane,2020,6,4,73,0,4.1,23,25.3,21.3
tane,2020,6,5,0.5,0,2.4,24.1,28,21.3
tane,2020,6,6,75,0,4.7,21.1,23.1,20
tane,2020,6,7,0,1,2.4,23.5,28.3,19.3
tane,2020,6,8,4,0,4,23.5,27.2,19.9
tane,2020,6,9,6,0,4.4,23.4,26.2,21.9
tane,2020,6,10,21.5,0,4.1,24.6,28.1,21.8
tane,2020,6,11,38,0,5.8,24.9,27.4,23.6
tane,2020,6,12,35.5,0,6.5,25.4,27,23.4
tane,2020,6,13,0,1,6.6,27.6,30.1,26
tane,2020,6,14,0,1,8.4,27.7,30.3,25.9
tane,2020,6,15,18.5,0,8.6,25.8,28.1,24
tane,2020,6,16,35,0,4.9,24.7,26.7,23
tane,2020,6,17,2,0,2.8,23.9,26.2,20.7
tane,2020,6,18,0,0,10.5,27.4,30.4,24.6
tane,2020,6,19,4.5,0,10.8,25.3,27.8,23.7
tane,2020,6,20,14.5,0,2.5,22.2,23.9,20.8
tane,2020,6,21,54.5,0,4.2,21.7,22.9,20.9
tane,2020,6,22,0,0,4.5,24.4,27.8,21.7
tane,2020,6,23,0,0,3.5,24.7,28.6,20.4
tane,2020,6,24,0,1,3.2,25.4,29.3,21.6
tane,2020,6,25,0,0,6.2,27.9,30.7,24.8
tane,2020,6,26,13.5,0,6.1,26.5,28.2,24.9
tane,2020,6,27,33,0,5.4,27,29.8,25
tane,2020,6,28,60,0,8.8,26.3,28.3,24.4
tane,2020,6,29,16.5,0,3.1,25.5,27.4,22.6
tane,2020,6,30,15,0,10.4,26.7,28.4,23.9
tane,2020,7,1,29.5,0,6,24.3,26.9,21.9
tane,2020,7,2,1.5,0,3.9,24.4,27.3,20.8
tane,2020,7,3,72,0,6.8,25.6,27.2,23.6
tane,2020,7,4,13,0,8.2,26.8,28.8,25.1
tane,2020,7,5,83,0,5.8,25.4,27.1,23.8
tane,2020,7,6,1.5,0,8.4,28,30.1,27
tane,2020,7,7,1,0,8.5,28.5,30.5,27.4
tane,2020,7,8,49.5,0,6.8,25.5,27.8,24.3
tane,2020,7,9,169,0,4.8,25,27.3,23.3
tane,2020,7,10,7,0,6,27.4,31.6,23.9
tane,2020,7,11,0,0,6.6,28.6,31.3,27.4
tane,2020,7,12,0,1,2.6,27.6,30.4,25.6
tane,2020,7,13,0,1,5.2,28.3,31.5,25.1
tane,2020,7,14,0,0,7.7,26.7,29,23.9
tane,2020,7,15,0,0,6.1,24.5,26.3,22.3
tane,2020,7,16,17.5,0,2.7,23,24.9,21.9
tane,2020,7,17,38.5,0,2.4,24.1,27.1,22.2
tane,2020,7,18,13.5,0,2.4,24.4,27.6,21.8
tane,2020,7,19,0.5,0,3.1,27.2,30.7,24
tane,2020,7,20,0,1,3.4,28.6,31.5,26.1
tane,2020,7,21,0,1,4.2,28.3,30.9,25.9
tane,2020,7,22,0,1,4.6,27.8,30.4,26
tane,2020,7,23,0,1,3.3,28.4,31.2,26.1
tane,2020,7,24,41,0,6.9,27.2,29.5,24
tane,2020,7,25,100,0,5.1,25.2,28,23.8
tane,2020,7,26,59,0,4.3,25.8,28.9,21.5
tane,2020,7,27,0,1,5.3,28.7,31.4,26.6
tane,2020,7,28,0,1,4.4,28.7,32.6,26.1
tane,2020,7,29,0,1,2.3,28.1,31.7,25
tane,2020,7,30,0,0,2.6,28.5,31.8,25.6
tane,2020,7,31,0,1,3.3,28.9,31.3,26.5
tane,2020,8,1,0,1,3.4,28.2,30.2,26.7
tane,2020,8,2,0,1,3,27.9,30.9,24.5
tane,2020,8,3,0,1,3,27.4,31.8,23.5
tane,2020,8,4,0,1,3,28.4,32.5,24.5
tane,2020,8,5,0,1,2.9,28.4,33.1,24.4
tane,2020,8,6,0,1,2.8,28.3,32,25.1
tane,2020,8,7,0,1,3.7,28.5,31.9,24.4
tane,2020,8,8,0,1,3.9,29.4,33,26.7
tane,2020,8,9,0,0,5.9,29.1,32.3,26.3
tane,2020,8,10,12.5,0,7.7,28.3,31.2,25.5
tane,2020,8,11,2,0,4.1,28.8,33.5,25.4
tane,2020,8,12,0,0,2.9,29,32.1,26
tane,2020,8,13,0,1,4,29.3,31.8,27.7
tane,2020,8,14,0,1,4.8,29.4,31.9,27.9
tane,2020,8,15,0,1,5,29.3,31.9,27.8
tane,2020,8,16,0,1,4.1,29.4,32.2,28
tane,2020,8,17,0,1,2.6,29.1,32.9,26.1
tane,2020,8,18,0,1,3,29.2,32.3,26.1
tane,2020,8,19,0,1,3.1,29.5,33.7,26.9
tane,2020,8,20,0,1,1.8,29.1,33.7,25.9
tane,2020,8,21,0,1,1.6,29.3,34.1,26.1
tane,2020,8,22,0,0,2.6,29.2,32.2,26.9
tane,2020,8,23,0,1,3.9,29.2,31.7,26.4
tane,2020,8,24,4.5,0,3.7,28.5,33,25.2
tane,2020,8,25,25.5,0,5.7,28.4,31.7,25.9
tane,2020,8,26,35.5,0,6.1,26.7,29.9,24.5
tane,2020,8,27,16,0,5.3,26.9,30.1,24.7
tane,2020,8,28,19.5,0,3,28.4,32.7,25
tane,2020,8,29,0,1,4.2,29.1,32.3,26.4
tane,2020,8,30,2,0,3.4,28.7,31.8,26.6
tane,2020,8,31,0.5,0,4.4,28.7,31.7,26.6
tane,2020,9,1,14.5,0,5.2,28.6,30.8,25.4
tane,2020,9,2,0,0,9.9,29,29.9,28.2
tane,2020,9,3,0,1,7,28.1,29.9,25.3
tane,2020,9,4,14.5,0,2.9,27,31.5,23.7
tane,2020,9,5,38,0,7.3,27.3,30.9,22.8
tane,2020,9,6,174.5,0,13.9,26,27.4,22.8
tane,2020,9,7,0,0,10.4,27,30,23.5
tane,2020,9,8,0,1,2.1,25.3,29.4,20.6
tane,2020,9,9,2,0,2,24.4,27.3,22.9
tane,2020,9,10,9.5,0,2.5,24.6,26.5,22.2
tane,2020,9,11,5,0,2.9,26.3,30,24.4
tane,2020,9,12,6,0,4.4,26.9,30.5,24.9
tane,2020,9,13,6,0,3.9,25.2,26.7,23.6
tane,2020,9,14,0,0,2.4,25.2,28.3,22.7
tane,2020,9,15,23.5,0,2.2,23.7,26.4,21.5
tane,2020,9,16,40.5,0,2,25.4,29.5,23.7
tane,2020,9,17,20,0,3.2,26.5,29.5,24.3
tane,2020,9,18,8.5,0,6.3,26.9,30.7,24.5
tane,2020,9,19,0,0,2.8,25.1,28.5,23
tane,2020,9,20,9,0,2.7,21.4,23.5,19.8
tane,2020,9,21,0,0,5.4,23.1,26.4,18.6
tane,2020,9,22,0,1,7.2,24.7,27.1,23.2
tane,2020,9,23,0,0,4.8,24.8,27,22.5
tane,2020,9,24,48.5,0,5.3,24.1,25.1,23.2
tane,2020,9,25,4,0,4.4,24.9,27.1,22.3
tane,2020,9,26,0,1,3,23.9,26.7,21.7
tane,2020,9,27,0,1,5.5,24.3,26.7,21.9
tane,2020,9,28,0,1,5.7,23.5,26.1,22.1
tane,2020,9,29,0,0,3.9,23.5,26.8,20.2
tane,2020,9,30,21.5,0,3.2,21.7,23.7,19.4
tane,2020,10,1,0,1,3.3,22.4,27,19.2
tane,2020,10,2,0,1,3.5,23,28.2,18.1
tane,2020,10,3,0,1,3.6,23.2,27.7,19.1
tane,2020,10,4,0,1,2.4,23.9,28.8,20.3
tane,2020,10,5,0,1,4.9,24.7,26.8,21.4
tane,2020,10,6,0,1,6.3,22.4,24.7,20.8
tane,2020,10,7,3.5,0,7.7,22.3,24,21.3
tane,2020,10,8,4,0,11,21.9,23.1,20.9
tane,2020,10,9,11.5,0,9.4,23.4,24.9,20.9
tane,2020,10,10,0,1,4.4,24.9,27.1,23
tane,2020,10,11,0,1,2.9,23.6,27.1,20.1
tane,2020,10,12,13,0,3.1,23.6,26.8,20.3
tane,2020,10,13,0,0,3,22.6,26.3,18.6
tane,2020,10,14,0,1,2.9,21.7,26.2,18.1
tane,2020,10,15,0,1,3.9,21.7,25.4,18.5
tane,2020,10,16,0,0,4.3,22.3,25.8,19.3
tane,2020,10,17,10,0,4.1,19.3,21.4,18
tane,2020,10,18,0.5,0,4.4,20.4,21.7,18.9
tane,2020,10,19,0,0,4.9,20.9,23.1,18.7
tane,2020,10,20,0,0,6.3,22.3,24.4,20.8
tane,2020,10,21,0,1,6,24.1,27.1,22.2
tane,2020,10,22,16.5,0,4.9,23.7,26,20.4
tane,2020,10,23,8,0,10.8,19.3,20.9,17.6
tane,2020,10,24,0,1,11.2,18.6,20.3,17.5
tane,2020,10,25,0,1,5.9,19.4,21.7,15.3
tane,2020,10,26,0,1,2,18.2,23.8,13.3
tane,2020,10,27,0,1,2.2,18.8,24.4,13.9
tane,2020,10,28,0,1,2.2,19.9,25.6,16
tane,2020,10,29,0,1,2,21.3,24.8,17
tane,2020,10,30,0,1,5.3,21.1,22.7,19.5
tane,2020,10,31,0,0,5.5,19.6,22,17.3
tane,2020,11,1,3.5,0,4.3,22.1,26.8,19.2
tane,2020,11,2,2.5,0,3.7,21.9,26.2,18.3
tane,2020,11,3,0,1,9.7,19.2,21.6,15.9
tane,2020,11,4,0,1,4.3,15,19.7,10.1
tane,2020,11,5,0,1,4.5,17.6,22.6,10.2
tane,2020,11,6,20.5,0,3,20.8,23.2,19.6
tane,2020,11,7,3,0,5.8,23.5,26.5,21.4
tane,2020,11,8,0,0,9.8,20,21.4,17.7
tane,2020,11,9,0,1,6.3,17.7,19.8,12.5
tane,2020,11,10,0,1,3.3,15.6,20.4,11.3
tane,2020,11,11,0,1,4.6,17.1,21,12
tane,2020,11,12,0,1,4.6,18.4,21.7,15
tane,2020,11,13,0,1,2.9,18.7,22.7,13.8
tane,2020,11,14,0,0,7,20.8,23.5,19.1
tane,2020,11,15,0,0,4.7,21.6,25.3,19
tane,2020,11,16,0,0,2.6,21.2,26.3,18.3
tane,2020,11,17,0,1,4.2,21.7,25.8,17.7
tane,2020,11,18,0.5,0,3.7,22.4,26.3,19.3
tane,2020,11,19,0,0,5.9,23.9,26.7,22.3
tane,2020,11,20,25.5,0,7.9,21.2,23.9,17.9
tane,2020,11,21,0,1,5,18,21.1,14.1
tane,2020,11,22,0,0,4,21.2,24.5,16.5
tane,2020,11,23,0,1,8.8,18.1,21.4,16.5
tane,2020,11,24,0,0,2,17.5,21.2,13.1
tane,2020,11,25,0,1,5.6,18.6,20.2,14.4
tane,2020,11,26,0,0,2.2,17.6,20.5,13.9
tane,2020,11,27,0,1,7.3,18.9,21,16.9
tane,2020,11,28,0,1,11.3,14.7,17.2,13.4
tane,2020,11,29,0,1,8,14,15.6,10
tane,2020,11,30,0,1,3,13.5,15.6,8.4
tane,2020,12,1,0,1,4.6,15.4,17.2,12.9
tane,2020,12,2,1,0,4.2,17.5,21.7,15.3
tane,2020,12,3,0,1,5,16,17.8,13.9
tane,2020,12,4,0,1,2.1,13.6,14.7,12.1
tane,2020,12,5,0,0,3.2,15.8,19,13
tane,2020,12,6,1,0,2.8,16.4,17.7,14.6
tane,2020,12,7,0,0,5.1,17.7,20.2,15.9
tane,2020,12,8,3.5,0,7.1,15.4,17.3,12.4
tane,2020,12,9,5,0,4.1,15.1,18.2,11.6
tane,2020,12,10,0,1,2.7,17,20.3,13.5
tane,2020,12,11,2,0,1.9,15.9,19.9,11.7
tane,2020,12,12,1.5,0,6.4,16.4,18.3,14.1
tane,2020,12,13,0,1,3.8,14.9,18.8,9.6
tane,2020,12,14,0,0,11.8,12,16.9,8.9
tane,2020,12,15,0,1,10.6,9,10.3,8.2
tane,2020,12,16,0,1,9.1,9.2,10.6,7.9
tane,2020,12,17,0,1,8.8,9.4,11.1,8
tane,2020,12,18,0,1,5.7,10.6,13.2,3.7
tane,2020,12,19,0,0,9.3,11.5,12.7,9.6
tane,2020,12,20,0,1,5.8,9.5,12.2,4.8
tane,2020,12,21,0,1,7.3,11.2,12.7,9.8
tane,2020,12,22,0,1,5.7,12,13.9,8.9
tane,2020,12,23,0,1,2.4,11.2,16.3,6.3
tane,2020,12,24,5.5,0,3.8,14.4,17,10.3
tane,2020,12,25,0,1,10.5,11.7,15.9,6.9
tane,2020,12,26,0,1,1.8,9.6,15.7,4.2
tane,2020,12,27,11.5,0,3.9,14.9,18,7.9
tane,2020,12,28,0.5,0,5.7,16.8,19.1,14.3
tane,2020,12,29,2.5,0,3.4,18.2,21.8,15
tane,2020,12,30,4,0,17.9,11.3,19.3,5.8
tane,2020,12,31,0,0,11.3,6.4,8.1,4.7
tane,2021,1,1,0,1,6.5,9.3,11.3,6.7
tane,2021,1,2,0,1,5.8,11.1,13,9.2
tane,2021,1,3,0,1,4.5,11,13.5,9.3
tane,2021,1,4,0,0,3.6,12.1,14.4,9.1
tane,2021,1,5,6.5,0,3.8,11.9,13.9,10.5
tane,2021,1,6,0,1,9.8,9.9,11.7,8.4
tane,2021,1,7,3,0,11.5,7.7,11.6,3.5
tane,2021,1,8,0,0,5.9,4.6,6.6,2.7
tane,2021,1,9,0,1,8.1,5.7,7.7,3.8
tane,2021,1,10,0,1,8.5,7.1,8.6,5
tane,2021,1,11,10.5,0,3.3,8.8,13.2,5
tane,2021,1,12,6.5,0,7.3,10.2,11.5,9
tane,2021,1,13,0,1,3.6,11.9,14.7,7.1
tane,2021,1,14,0,1,2.3,11.5,16.2,6.9
tane,2021,1,15,0,1,2.7,13.4,19.8,7.4
tane,2021,1,16,,0,7.6,15.1,18.7,10.6
tane,2021,1,17,,,13.5,9.3,13.1,7.2
tane,2021,1,18,,,8.9,10,13.6,7.3
tane,2021,1,19,,,6.1,9.9,13.3,5.3
tane,2021,1,20,,,2.5,11.3,16.6,5.7
tane,2021,1,21,,,4.5,16.1,19,10.9
tane,2021,1,22,,,2.6,18.2,20.9,16.4
tane,2021,1,23,,,2.9,16.8,17.9,15.7
tane,2021,1,24,,,4.4,15.8,18.9,14.4
tane,2021,1,25,,,6.2,15.6,17.8,13.8
tane,2021,1,26,,,4.9,17,19,14.9
tane,2021,1,27,,,6.3,14.9,17.4,13.2
tane,2021,1,28,,,8.9,13.6,15.5,11.4
tane,2021,1,29,,,14.2,7.9,11.9,6.2
tane,2021,1,30,,,6.8,9,11.2,4.7
tane,2021,1,31,,,2.8,10.7,16,6.7
tane,2021,2,1,,,5.5,15.9,20.3,6.9
tane,2021,2,2,,,11.3,14,19.9,10.1
tane,2021,2,3,,,9.6,9.6,11,7.8
tane,2021,2,4,,,6.2,12.9,16.8,9.7
tane,2021,2,5,,,3.5,12.8,15.1,11.3
tane,2021,2,6,,,5.6,15.8,18.5,12.4
tane,2021,2,7,,,7.5,15.2,16.9,13.8
tane,2021,2,8,,,10,13.6,15.7,10.1
tane,2021,2,9,,,5.7,11.2,13.4,8.8
tane,2021,2,10,,,4.2,13.3,15.9,8.3
tane,2021,2,11,,,3.9,13.8,15.9,9.8
tane,2021,2,12,,,4.7,14.8,17.2,12.5
tane,2021,2,13,,,5.5,17,20.9,15
tane,2021,2,14,,0,4.8,18.3,21,15.8
tane,2021,2,15,,0,13.8,16.7,19.3,12.8
tane,2021,2,16,,,10.3,11.9,13.6,10.8
tane,2021,2,17,,,16.3,9.9,13.7,7.1
tane,2021,2,18,,,14.4,7.2,9.2,4.8
tane,2021,2,19,,1,8.3,10.1,13,7.1
tane,2021,2,20,0,1,9.7,15.7,17.8,12.4
tane,2021,2,21,0,1,7.5,18,20.7,14.6
tane,2021,2,22,0,1,5.3,17.8,21.3,12
tane,2021,2,23,0,1,4.6,16.6,18.9,12.9
tane,2021,2,24,0,1,3.2,14.1,18.8,10.1
tane,2021,2,25,0,1,3.5,16.1,21.1,10
tane,2021,2,26,65.5,0,8.7,15.2,18.5,12.3
tane,2021,2,27,3.5,0,11.6,14.7,16,13.1
tane,2021,2,28,7,0,7.5,16.4,17.9,14
tane,2021,3,1,1,0,4.4,18.3,21.5,16
tane,2021,3,2,4.5,0,9.8,15.2,19.5,10.7
tane,2021,3,3,0,1,4.7,11.1,13.5,7.5
tane,2021,3,4,23.5,0,4.5,15.3,17.4,13
tane,2021,3,5,2,0,7.9,18,19.9,16.7
tane,2021,3,6,0,1,5,17.4,19.5,15.4
tane,2021,3,7,11.5,0,6.5,14.2,16.2,13
tane,2021,3,8,0,0,3.9,14.7,16.2,12.6
tane,2021,3,9,2,0,2.9,14.8,17.4,12.4
tane,2021,3,10,0,1,4.6,15.9,19.4,11
tane,2021,3,11,0,1,3.8,16.5,20.8,11.2
tane,2021,3,12,0.5,0,7.1,17.8,20.3,16.2
tane,2021,3,13,0,1,9.8,16.2,18,15.2
tane,2021,3,14,0,1,5.7,15.6,17.6,12.6
tane,2021,3,15,0,1,2.8,13.7,18.2,8.9
tane,2021,3,16,0,0,5,17.7,23.5,9.6
tane,2021,3,17,28,0,4,18.3,19.8,15.9
tane,2021,3,18,0,0,4.3,17.9,21.4,15.6
tane,2021,3,19,2,0,5.6,18.3,21.2,15.9
tane,2021,3,20,58,0,5,19.1,20.5,17.4
tane,2021,3,21,5,0,10.5,17.2,20.4,13.8
tane,2021,3,22,0,1,12.6,12.2,14.2,10.9
tane,2021,3,23,0,1,5.1,12.9,15.7,10
tane,2021,3,24,4.5,0,2.6,14.6,19.9,7.8
tane,2021,3,25,15,0,2.7,16.2,20.8,13.4
tane,2021,3,26,0,1,2.4,16,22.5,11.1
tane,2021,3,27,0,0,5,17.5,22.5,10.1
tane,2021,3,28,38.5,0,7.5,18.9,20.4,16.7
tane,2021,3,29,0,1,6.6,18.2,20.5,16.5
tane,2021,3,30,0,0,2.8,17.7,20.1,14.6
tane,2021,3,31,0,1,3.3,17.9,22.5,12.7
tane,2021,4,1,1,0,5.1,19.4,20.9,17.4
tane,2021,4,2,8,0,6,18.7,21.1,16.4
tane,2021,4,3,8,0,5,19.9,23.4,18.3
tane,2021,4,4,4.5,0,5.8,19.3,22.8,17.4
tane,2021,4,5,4.5,0,4.2,15.9,18,14.3
tane,2021,4,6,0,1,4.3,16.8,20.3,14.1
tane,2021,4,7,0,1,2.7,16.5,21.3,12.3
tane,2021,4,8,0,0,2.9,16.7,19.8,13.3
tane,2021,4,9,0,1,4.8,16.4,19.8,10.2
tane,2021,4,10,0,0,6.4,16.5,19.4,14.6
tane,2021,4,11,0,1,7,17.8,21.1,14.2
tane,2021,4,12,1.5,0,6.8,20,23.1,17.4
tane,2021,4,13,14,0,8.8,19.2,20.9,17.5
tane,2021,4,14,0,1,9.9,16.4,17.7,14.1
tane,2021,4,15,0,1,5.7,16.7,19,14
tane,2021,4,16,1.5,0,3.6,19,22.9,14.6
tane,2021,4,17,63.5,0,6.3,18,20.7,16.1
tane,2021,4,18,0,1,11.9,15.1,16.5,13.6
tane,2021,4,19,0,1,4,16.6,20.3,11
tane,2021,4,20,0,1,3.6,17.8,23.3,13.2
tane,2021,4,21,0,1,3,18.7,24.6,13.2
tane,2021,4,22,0,1,4.3,20.3,25.5,14.5
tane,2021,4,23,0,1,5.7,21.1,23.8,18.7
tane,2021,4,24,0,0,6.6,20.9,24,18.8
tane,2021,4,25,0,0,3.1,20.5,24.6,17.4
tane,2021,4,26,0,1,5.3,18,20.9,13.6
tane,2021,4,27,27,0,4.1,18.4,23.7,13.9
tane,2021,4,28,5.5,0,4.4,20.5,24.7,17.6
tane,2021,4,29,49.5,0,6.8,18.7,20.8,17.1
tane,2021,4,30,0,1,9.4,21.8,24.3,19.6
tane,2021,5,1,0,0,9.5,21.5,25.9,17.7
tane,2021,5,2,0.5,0,11.4,17.1,19.5,14.7
tane,2021,5,3,0,1,3.4,17.1,22.1,10
tane,2021,5,4,0,1,5.3,19.9,23.8,14.7
tane,2021,5,5,8.5,0,7.8,21.2,23.1,19.9
tane,2021,5,6,0,1,3.9,20.8,24.6,14.7
tane,2021,5,7,27,0,2.8,20,21.7,19
tane,2021,5,8,3,0,3.6,20.8,23.8,17.8
tane,2021,5,9,0,1,6.6,22.3,24.2,19.2
tane,2021,5,10,0,1,3,22.3,25.6,18
tane,2021,5,11,19,0,2.2,22.7,26.6,20.4
tane,2021,5,12,51,0,4.3,22.2,23.2,21
tane,2021,5,13,1.5,0,2.6,21.5,22.8,20.6
tane,2021,5,14,16.5,0,2.5,22.5,23.6,21.5
tane,2021,5,15,0.5,0,1.9,24.1,26.3,21.7
tane,2021,5,16,0,1,6.7,26.5,28.9,24.4
tane,2021,5,17,4,0,6.6,24.3,28.5,21.4
tane,2021,5,18,3,0,3.8,21,22.2,20.4
tane,2021,5,19,15,0,2.5,21.6,24.2,20
tane,2021,5,20,40.5,0,8.7,26,29.3,22.4
tane,2021,5,21,48,0,7.7,20.1,25.9,16.9
tane,2021,5,22,9.5,0,5.4,18.8,20.2,16.9
tane,2021,5,23,0,1,2.7,21.9,26.5,18.4
tane,2021,5,24,41,0,6.8,22,24.5,20.3
tane,2021,5,25,0,1,7.1,21.7,24.8,19.9
tane,2021,5,26,0.5,0,4.1,21.6,25.8,19.7
tane,2021,5,27,26,0,8.6,22.7,26,20.7
tane,2021,5,28,7.5,0,3.3,20.9,23.9,19.4
tane,2021,5,29,0,1,6.6,21.3,23.3,19.7
tane,2021,5,30,0,1,3,21.6,26.4,17.8
tane,2021,5,31,0,1,3.7,22.9,27.3,18.3
tane,2021,6,1,0,1,4.7,23.7,27.5,19.8
tane,2021,6,2,0,0,4.7,23.5,27.6,19.8
tane,2021,6,3,89,0,6.2,23.5,25.9,22.3
tane,2021,6,4,12,0,8.1,23.6,26.6,20.4
tane,2021,6,5,58,0,5,19.2,21.2,16.6
tane,2021,6,6,16.5,0,3.3,21.5,23.5,19.5
tane,2021,6,7,0,0,2.6,23.5,26.9,20.4
tane,2021,6,8,0,0,2.1,23.6,28.8,19.8
tane,2021,6,9,0,1,2.4,24.9,30,21.5
tane,2021,6,10,0,1,4.6,24.8,28,21.7
tane,2021,6,11,7,0,5.2,25.2,28.4,24.1
tane,2021,6,12,55.5,0,3.4,24.2,25.8,23
tane,2021,6,13,0,1,2,24.5,27.2,22.6
tane,2021,6,14,0,0,3.2,24.9,28.9,22.3
tane,2021,6,15,6,0,4.4,24.6,28.1,21.9
tane,2021,6,16,47.5,0,4,24.2,28.3,23
tane,2021,6,17,1,0,3.7,24.1,27.4,22
tane,2021,6,18,0,0,4.1,25.1,29.8,21
tane,2021,6,19,5.5,0,4.7,24.7,26.7,23.5
tane,2021,6,20,0,0,3.3,25.2,29.1,22.4
tane,2021,6,21,0.5,0,2.6,23.7,27.3,21.7
tane,2021,6,22,0,1,3.7,24.3,28,20.5
tane,2021,6,23,0,1,2.8,25.6,29.7,21.9
tane,2021,6,24,11.5,0,2.3,25,28.7,21.8
tane,2021,6,25,0,0,2.1,24.5,28.4,21.1
tane,2021,6,26,7,0,4.2,22.9,26.1,20.9
tane,2021,6,27,25,0,5.5,23.2,25.1,21.5
tane,2021,6,28,12.5,0,3.8,24.1,25.3,23.4
tane,2021,6,29,0,1,2.6,26.4,30.1,23.2
tane,2021,6,30,6.5,0,4.8,26.1,28.9,24
tane,2021,7,1,49.5,0,4.5,26,28.3,24.1
tane,2021,7,2,17.5,0,6.4,26.6,29.6,24.8
tane,2021,7,3,4.5,0,4.2,27.3,29.8,24.4
tane,2021,7,4,0,1,5.9,28.6,31.2,26.3
tane,2021,7,5,0,1,4,28.3,31.2,25.8
tane,2021,7,6,0,1,4,28.5,31.7,25.6
tane,2021,7,7,0,1,5,29,32.2,26.4
tane,2021,7,8,0,1,8.6,29.2,31.5,25.9
tane,2021,7,9,0,0,7.1,29.1,31.6,27.2
tane,2021,7,10,0,0,4.6,28.9,31.9,26.5
tane,2021,7,11,0,0,3.3,28.2,31.3,26.3
tane,2021,7,12,0,0,2.5,28,31.5,24.9
tane,2021,7,13,0,1,2,27.4,31.7,24.2
tane,2021,7,14,13.5,0,2,27.9,31.6,24.2
tane,2021,7,15,10.5,0,4.3,27.1,31.2,21.2
tane,2021,7,16,1.5,0,3.7,25.5,29,22.5
tane,2021,7,17,86.5,0,4.3,24.2,26.2,21.5
tane,2021,7,18,17.5,0,3.7,26.7,29.6,24.8
tane,2021,7,19,0,0,6.3,28.2,30.8,26.3
tane,2021,7,20,0.5,0,8.2,28.3,30.8,27
tane,2021,7,21,0,0,9.2,28.1,30.1,26.7
tane,2021,7,22,1,0,8.1,27.6,28.9,26.3
tane,2021,7,23,0.5,0,7.7,27.9,29.5,27
tane,2021,7,24,0.5,0,6.5,27.5,29.2,26.8
tane,2021,7,25,0.5,0,5.9,27.2,29.3,26.4
tane,2021,7,26,0,0,4.2,27.3,29.4,25.4
tane,2021,7,27,0,1,2.3,27,31.4,23
tane,2021,7,28,0,1,2.4,26.4,30.7,21.6
tane,2021,7,29,0,1,2.1,27.6,32.1,23.4
tane,2021,7,30,0,1,3.7,28.4,31.4,24.6
tane,2021,7,31,0,1,3.7,28.9,31.4,27.3
tane,2021,8,1,0,1,2.9,28.7,32,25.5
tane,2021,8,2,0,1,3.5,28.2,32.1,24.1
tane,2021,8,3,4.5,0,4.3,28.2,31.5,25.4
tane,2021,8,4,11.5,0,4.5,27.9,31,25
tane,2021,8,5,0.5,0,5,28.1,30.9,25.6
tane,2021,8,6,3.5,0,4.9,27.6,30.6,26.1
tane,2021,8,7,32.5,0,2.4,26.3,29,24.3
tane,2021,8,8,57,0,8.3,27.4,29.7,25.6
tane,2021,8,9,1,0,11.2,28.5,30.7,25.9
tane,2021,8,10,0,1,4,28.3,30.7,26.5
tane,2021,8,11,13,0,3.3,27,29.9,25.5
tane,2021,8,12,1.5,0,7.3,28.5,31.9,26.6
tane,2021,8,13,8,0,8.5,28.2,30.2,26.4
tane,2021,8,14,0,1,8.6,28.7,31.3,27.5
tane,2021,8,15,7,0,7.8,27,28.3,25.7
tane,2021,8,16,4.5,0,4.9,28,31,25.1
tane,2021,8,17,17,0,6.5,26.7,28.5,24.1
tane,2021,8,18,90,0,5.6,25.7,27.7,22.6
tane,2021,8,19,2.5,0,2.6,25.9,28.9,23.2
tane,2021,8,20,15,0,3.7,26.3,30.8,23.9
tane,2021,8,21,9,0,4.6,27.4,31.6,24.7
tane,2021,8,22,0.5,0,3.3,28,32.2,25.8
tane,2021,8,23,0,0,4.3,28.2,31.7,25.5
tane,2021,8,24,0,1,7.1,28.5,31.5,26.7
tane,2021,8,25,0,1,5.1,28.8,31.8,26.4
tane,2021,8,26,0,1,3.4,28.1,31.3,24.7
tane,2021,8,27,0,1,4.2,28.3,31.1,26.7
tane,2021,8,28,0,1,4.7,28.1,30.7,26.5
tane,2021,8,29,0,1,4.6,28,29.9,26.4
tane,2021,8,30,0,1,2.6,27.9,31.3,24.9
tane,2021,8,31,0,1,2.4,27.1,30.8,24.1
tane,2021,9,1,0,1,3.8,27.4,30.7,23.6
tane,2021,9,2,0,1,5.4,28.1,30.7,26.8
tane,2021,9,3,0,1,2.5,27.9,31.9,24.2
tane,2021,9,4,0,1,4.1,28.8,31.7,25.5
tane,2021,9,5,6,0,1.8,27.7,31.9,24
tane,2021,9,6,7,0,2.4,26.4,29.9,24.7
tane,2021,9,7,0,1,2.7,27.2,31,24.3
tane,2021,9,8,6,0,2.9,26.7,29.7,24.2
tane,2021,9,9,0,1,5.2,26.7,29,23.8
tane,2021,9,10,0,1,2.6,27.4,30,25.9
tane,2021,9,11,40,0,2.9,26.3,30.2,23.7
tane,2021,9,12,32.5,0,2.7,25.3,28.6,23.5
tane,2021,9,13,37.5,0,4.3,26.2,28.9,24.1
tane,2021,9,14,107,0,3.7,25.5,27.1,24.4
tane,2021,9,15,4.5,0,4.2,27,29.6,25.1
tane,2021,9,16,3,0,3.6,27.8,32.2,25.3
tane,2021,9,17,5,0,8.5,27.9,31.4,26.2
tane,2021,9,18,0,0,6.8,26.9,28.6,25.7
tane,2021,9,19,0,1,2.3,25.5,29.6,22.5
tane,2021,9,20,0,1,3.7,25.9,30.2,21.9
tane,2021,9,21,0,0,1.8,26,30.6,22.7
tane,2021,9,22,1,0,4,25.8,28.2,23.2
tane,2021,9,23,0,1,5,26.6,29,24.6
tane,2021,9,24,0,1,4.6,25.9,29,22.5
tane,2021,9,25,0,0,5.7,26.5,30.2,24.2
tane,2021,9,26,0,0,5.1,26.3,29,24.7
tane,2021,9,27,6,0,5.3,25.7,28.2,22.4
tane,2021,9,28,4,0,6.3,27.3,30.8,23.6
tane,2021,9,29,0,0,6.9,27.8,30.8,26
tane,2021,9,30,0,1,4.8,26.5,29.3,23.1
tane,2021,10,1,0,1,6.1,26.8,29.1,23
tane,2021,10,2,0,1,2.1,25.6,30.6,22.1
tane,2021,10,3,0,1,4.3,25.8,30.7,20.5
tane,2021,10,4,0,1,5.4,27.1,30.6,24.4
tane,2021,10,5,0,1,4.8,26.8,30.3,24.3
tane,2021,10,6,0,1,3.7,24.7,29.3,20.8
tane,2021,10,7,9.5,0,3.2,24.9,29.7,20.4
tane,2021,10,8,0.5,0,4.2,26.3,29.7,23.5
tane,2021,10,9,22,0,6.4,25.7,29.6,22.8
tane,2021,10,10,3,0,6,26.8,30.1,23.6
tane,2021,10,11,1.5,0,3.3,27.1,31,25.1
tane,2021,10,12,2,0,3.5,27.1,29.8,25.1
tane,2021,10,13,4,0,2.3,26.1,29.7,23.9
tane,2021,10,14,0,1,2.3,25.7,29.5,23.3
tane,2021,10,15,0,1,2.5,25.1,29.7,21.5
tane,2021,10,16,0,1,3.3,25.1,28.7,20.8
tane,2021,10,17,0,1,6.3,22.2,24.9,19.9
tane,2021,10,18,0,1,4.3,21,23.4,19.7
tane,2021,10,19,3,0,5.1,20.3,23.2,17.9
tane,2021,10,20,0,1,4.3,19.3,21.9,16.4
tane,2021,10,21,29.5,0,3.1,17.4,19,16.4
tane,2021,10,22,0,0,9,19.9,22.4,17.7
tane,2021,10,23,0,1,5.8,19.1,22.3,16.7
tane,2021,10,24,1.5,0,4.9,20.4,22.8,18.5
tane,2021,10,25,4,0,3.9,18.3,20.6,14.7
tane,2021,10,26,0,1,2.2,17.6,22.7,12.4
tane,2021,10,27,0,1,4,18.9,23.6,13.5
tane,2021,10,28,0,1,2.6,18.4,23.6,14
tane,2021,10,29,0,1,4.1,19.7,23.1,15.7
tane,2021,10,30,29.5,0,4.4,19.9,25.5,15.3
tane,2021,10,31,1,0,4.1,21.2,23.8,18
tane,2021,11,1,0.5,0,3.1,20.7,23,18.1
tane,2021,11,2,0,1,6.9,19.9,22.2,16
tane,2021,11,3,0,1,6,20.1,21.7,17.8
tane,2021,11,4,0,1,7,20,22.7,18.1
tane,2021,11,5,0,1,4.2,18.8,22.4,13
tane,2021,11,6,79,0,6.3,18,20.7,16.5
tane,2021,11,7,1.5,0,5.6,20.5,23.5,18.6
tane,2021,11,8,3.5,0,4.9,20.5,23.8,17.7
tane,2021,11,9,0,0,12,17.6,18.6,16.4
tane,2021,11,10,9,0,12.3,17.8,20.1,15.1
tane,2021,11,11,8.5,0,10.7,17.9,19.5,14.7
tane,2021,11,12,3.5,0,10,16.7,18.8,14.9
tane,2021,11,13,2.5,0,3.7,16.3,18.9,13.8
tane,2021,11,14,0,0,3.6,16.5,19.5,11.8
tane,2021,11,15,0,1,2.1,15.2,20.5,10.9
tane,2021,11,16,0,1,2.8,16.5,20.7,10.6
tane,2021,11,17,0,1,2.5,16.9,22.6,12
tane,2021,11,18,9,0,2.2,15.4,17,14.4
tane,2021,11,19,0,0,3.7,17.9,20.6,14.6
tane,2021,11,20,0,1,4.3,18.9,21.3,15.9
tane,2021,11,21,8,0,3.3,19.4,22.9,15.2
tane,2021,11,22,43,0,11.3,17.9,21.3,14.3
tane,2021,11,23,0,0,10.8,14.3,15.5,12.7
tane,2021,11,24,0,0,7.8,14.9,16.4,12.9
tane,2021,11,25,0,1,5.7,17.3,19.4,11.9
tane,2021,11,26,0,1,7.2,17.6,18.9,16
tane,2021,11,27,0,1,4.6,14.8,18,11.1
tane,2021,11,28,0,1,4.8,15.3,17.8,13.3
tane,2021,11,29,0,0,3,15.9,21,11.7
tane,2021,11,30,37.5,0,8.2,18.4,23.3,12.1
tane,2021,12,1,0,0,15.3,13.4,17.5,11.3
tane,2021,12,2,0,1,5,10.4,13.5,5.6
tane,2021,12,3,2,0,6.4,13.2,15.7,7.8
tane,2021,12,4,0,1,10.2,12.2,15,6.5
tane,2021,12,5,0,1,2.7,11.3,15.9,5.7
tane,2021,12,6,0,1,3,13.9,18.8,9.6
tane,2021,12,7,0,1,6,15.2,18.6,10.2
tane,2021,12,8,0,1,3.1,14,17.7,9.4
tane,2021,12,9,0,1,4.3,15.7,18.4,13.9
tane,2021,12,10,0,0,2.8,15.8,19.6,12.9
tane,2021,12,11,0,1,2.4,16.2,20.2,12.6
tane,2021,12,12,0,1,7.4,16.8,19.2,12.4
tane,2021,12,13,0,1,9.2,13,15.5,11.6
tane,2021,12,14,0,1,7,13.3,14.9,11.6
tane,2021,12,15,0,1,3.3,14.2,17.9,10.7
tane,2021,12,16,9.5,0,6,17.2,20.7,10.2
tane,2021,12,17,0.5,0,15.9,14.3,20.4,8.2
tane,2021,12,18,0,1,11.4,8.6,10.3,7.3
tane,2021,12,19,0,0,8.1,11.4,14.4,8.4
tane,2021,12,20,0,1,5.5,13.1,15.2,10.1
tane,2021,12,21,0,1,3.4,15.4,18.5,10.4
tane,2021,12,22,0,0,3.4,15.4,17.8,10.9
tane,2021,12,23,0,1,3.6,14.3,19.2,9.3
tane,2021,12,24,16,0,3.6,16.4,17.5,13.3
tane,2021,12,25,0,1,15.1,12.2,16.2,8.8
tane,2021,12,26,0,0,14.9,7,9.3,5.2
tane,2021,12,27,0,1,10.1,6.9,8.8,4.4
tane,2021,12,28,0,1,5.4,9.3,12.4,6.2
tane,2021,12,29,6,0,5.2,12.6,15.9,7.9
tane,2021,12,30,0,1,13.3,12.7,15.6,9.7
tane,2021,12,31,1,0,13.3,9.6,11.8,8
tane,2022,1,1,0,1,5.2,8.8,12.1,5
tane,2022,1,2,0,0,5.1,11.5,13.7,6.5
tane,2022,1,3,0,1,7.2,12.7,14.3,9.2
tane,2022,1,4,0,1,8.5,12.4,13.6,11.2
tane,2022,1,5,2.5,0,3.8,12.7,15.6,6.1
tane,2022,1,6,22.5,0,5.7,13.1,14.9,9
tane,2022,1,7,0,1,4,10.5,14.6,7.1
tane,2022,1,8,0,0,2.8,12.4,15.3,10.2
tane,2022,1,9,0,0,3.7,13.2,15.9,9.2
tane,2022,1,10,0,1,4,12.6,16.4,9
tane,2022,1,11,5.5,0,12.2,11.3,15,7.7
tane,2022,1,12,0,1,12.4,8.5,10.6,6.9
tane,2022,1,13,5,0,12.8,9.9,11.8,7.6
tane,2022,1,14,0,1,8.8,8.1,10,4.5
tane,2022,1,15,0,1,3.3,9.7,12.3,4.3
tane,2022,1,16,0,1,6.3,13.2,15.2,8
tane,2022,1,17,0,1,10.7,11.2,13,10.2
tane,2022,1,18,0,1,8.4,10.1,11.9,5
tane,2022,1,19,0,1,6.6,9,11.3,3.6
tane,2022,1,20,0,1,8.9,10.2,13,5.6
tane,2022,1,21,0,0,4.1,9.7,13.3,5.9
tane,2022,1,22,0,1,4.5,12.9,15.8,7.4
tane,2022,1,23,50.5,0,5.4,16.8,18.2,15.3
tane,2022,1,24,9.5,0,4.6,13.4,17,12.2
tane,2022,1,25,1.5,0,3.8,12.3,14.6,7.6
tane,2022,1,26,0,1,6.5,13.7,16.1,7.2
tane,2022,1,27,3,0,4.5,13.2,14.7,11.1
tane,2022,1,28,0,1,7.2,13.5,15,12.8
tane,2022,1,29,0,0,7.6,12.6,13.7,11.8
tane,2022,1,30,3,0,4.9,11.5,13.3,10.1
tane,2022,1,31,0,1,8,11,12.4,9.8
tane,2022,2,1,0,0,8.9,12.3,15.1,10.6
tane,2022,2,2,1,0,4.5,9.8,12.3,7.2
tane,2022,2,3,6.5,0,3.3,8.4,9.9,6.7
tane,2022,2,4,0,1,8.9,10.2,12.5,7.8
tane,2022,2,5,2.5,0,12.7,8.6,9.9,7
tane,2022,2,6,0,1,11.8,7.8,9,6.8
tane,2022,2,7,2.5,0,3.9,9.2,11.5,6.7
tane,2022,2,8,12.5,0,4.6,10.5,12.5,7.1
tane,2022,2,9,2.5,0,4.2,12,13.6,11.1
tane,2022,2,10,3.5,0,5.8,12.1,14,10.4
tane,2022,2,11,0,1,4.8,11.8,14.7,8.8
tane,2022,2,12,2,0,4.1,12.7,14.7,10
tane,2022,2,13,7.5,0,3.5,15,18.5,12.8
tane,2022,2,14,15.5,0,2.7,11.9,14.1,9.1
tane,2022,2,15,0,1,9,12.2,15,8.8
tane,2022,2,16,0,1,11.9,9,10.6,7.7
tane,2022,2,17,0,1,10.8,7.6,9.4,6
tane,2022,2,18,0.5,0,7.4,9.7,11.8,6.2
tane,2022,2,19,11.5,0,6.6,13.6,17.4,10.8
tane,2022,2,20,0,1,14.6,8.1,11.3,5.6
tane,2022,2,21,0,1,9.5,7.2,9,5.4
tane,2022,2,22,0,1,9.5,9.1,11.4,7.3
tane,2022,2,23,0.5,0,6.6,8.6,10.5,7.3
tane,2022,2,24,0,1,9.4,9,10.7,7.2
tane,2022,2,25,0,1,7.5,10.3,12.6,8
tane,2022,2,26,0,0,4.9,11.8,13.8,9.5
tane,2022,2,27,1,0,7.6,13.8,15.9,11.4
tane,2022,2,28,0,1,2.5,13,19.2,6.5
tane,2022,3,1,10.5,0,7.1,16.1,21.3,9.1
tane,2022,3,2,0,1,10,14.3,16.2,12
tane,2022,3,3,0,1,8.7,12.2,14.3,10.2
tane,2022,3,4,0,0,3.5,12,16.9,5.5
tane,2022,3,5,0,1,6.3,13.4,18.4,7.3
tane,2022,3,6,0,1,9.6,11.1,12.8,9.1
tane,2022,3,7,3.5,0,4,10,11.9,8
tane,2022,3,8,0,1,3.5,11.2,15,4.9
tane,2022,3,9,0,1,4.7,12.4,16.3,6.3
tane,2022,3,10,0,1,3.3,13.5,19.3,7.8
tane,2022,3,11,0,1,4,16,19.9,11.7
tane,2022,3,12,0,1,3.1,16,20.9,9.7
tane,2022,3,13,0,0,5.1,18.5,22.6,11.8
tane,2022,3,14,3.5,0,3.6,19.3,22,16.8
tane,2022,3,15,0,0,4.4,18.9,21.4,12.5
tane,2022,3,16,0,1,3.9,17.8,22,11.4
tane,2022,3,17,0,0,2.7,18.6,22.6,14.2
tane,2022,3,18,13,0,10.7,19.1,22.8,15.6
tane,2022,3,19,0,0,11.1,15.4,17.6,13.7
tane,2022,3,20,0,1,7,14.3,16.1,12
tane,2022,3,21,6.5,0,5.4,14.4,16.8,13.3
tane,2022,3,22,33.5,0,7.5,13.9,14.7,12.5
tane,2022,3,23,13.5,0,4.7,14.2,16.4,12.5
tane,2022,3,24,0,1,2.7,13.5,18.9,9
tane,2022,3,25,0,0,5.3,16.6,20.3,8.6
tane,2022,3,26,56.5,0,9.7,19.1,22.6,16.9
tane,2022,3,27,0,1,8.8,17.8,19.5,16.5
tane,2022,3,28,1,0,5.2,16.6,19.5,13.4
tane,2022,3,29,11.5,0,4.3,15.2,16.6,13.6
tane,2022,3,30,2.5,0,3.7,19,22.6,16.4
tane,2022,3,31,1.5,0,3.8,19.4,23,14.6
tane,2022,4,1,4,0,5.4,15.1,18.4,13.7
tane,2022,4,2,0,1,4.8,14.4,16.8,13.3
tane,2022,4,3,0,1,3.9,14.3,17.5,11.5
tane,2022,4,4,0,1,3.3,15,19.2,10.1
tane,2022,4,5,0,1,2.8,15.3,19.5,9.5
tane,2022,4,6,0,1,4.9,17.4,19.8,15.8
tane,2022,4,7,0,1,5.2,17.5,20.9,11.9
tane,2022,4,8,0,1,3.9,17.7,22.9,11.6
tane,2022,4,9,0,1,2.6,17,23.1,11.2
tane,2022,4,10,0,1,3.4,19,24.5,12.5
tane,2022,4,11,24.5,0,4.1,20.3,22.4,18.9
tane,2022,4,12,2,0,2.2,22,25.4,20
tane,2022,4,13,1,0,2.8,22.1,26.3,18.5
tane,2022,4,14,2.5,0,4,21.4,24.8,19.8
tane,2022,4,15,0,0,3.5,20.6,24.1,18.3
tane,2022,4,16,0.5,0,3.7,17.8,21.2,14.2
tane,2022,4,17,0,1,3.1,17.6,21.4,13.2
tane,2022,4,18,0,1,2.7,17.9,23,11.1
tane,2022,4,19,0,1,2.8,17.8,20.4,15.7
tane,2022,4,20,0,1,2.6,18.5,23.1,13.4
tane,2022,4,21,50,0,5.9,18.6,22.6,15.4
tane,2022,4,22,0,1,4.9,20.3,22.8,17.2
tane,2022,4,23,62.5,0,3.3,19.1,22.7,16.8
tane,2022,4,24,34,0,5.2,21.4,24.4,19.5
tane,2022,4,25,12,0,2.1,22.4,26,19.9
tane,2022,4,26,0,0,8.7,25.1,27.8,22.2
tane,2022,4,27,43,0,4.4,22,24.7,20.8
tane,2022,4,28,0.5,0,2.6,21.8,24.3,20.4
tane,2022,4,29,15.5,0,8.1,21.1,25,16.3
tane,2022,4,30,0,1,4.2,17.9,21.1,15
tane,2022,5,1,4,0,7.5,17.8,19.5,16.6
tane,2022,5,2,0,1,6.4,18.3,21.3,16.6
tane,2022,5,3,0,1,3.8,18.5,22.3,13
tane,2022,5,4,0,1,2.6,18.6,24.5,12.2
tane,2022,5,5,6.5,0,3.8,20.7,24.5,15
tane,2022,5,6,9.5,0,3.5,20.8,23.2,19.9
tane,2022,5,7,3.5,0,2.7,20.9,25,18.8
tane,2022,5,8,0,0,2.3,21.5,25.3,17.9
tane,2022,5,9,0,0,3.5,22.4,26,20.2
tane,2022,5,10,13.5,0,5.3,20.5,21.6,19.4
tane,2022,5,11,22,0,2.6,21.6,23.9,20.7
tane,2022,5,12,36,0,4.5,22.7,25.5,20.6
tane,2022,5,13,44.5,0,4.7,22.8,23.6,22.2
tane,2022,5,14,0.5,0,6.9,22,24.3,20.8
tane,2022,5,15,6,0,4.1,18.2,22.7,14
tane,2022,5,16,6.5,0,2,16.2,17.9,14.8
tane,2022,5,17,0.5,0,2.5,17.9,22.1,14.9
tane,2022,5,18,0,1,3.6,19.6,24.5,15.3
tane,2022,5,19,0,1,2.6,20.2,25.1,15.7
tane,2022,5,20,22.5,0,4.1,19.5,24.5,16.4
tane,2022,5,21,36.5,0,4.6,18.9,20.8,17.1
tane,2022,5,22,0,1,5,22,25.6,16.1
tane,2022,5,23,0,1,4.8,22.8,24.2,20.9
tane,2022,5,24,0,1,3.7,22.2,25.4,19.5
tane,2022,5,25,1.5,0,4.2,21.7,25.1,18.7
tane,2022,5,26,4.5,0,3.7,22.9,25.9,20.8
tane,2022,5,27,0,0,7.7,23.1,25.5,21.6
tane,2022,5,28,0,1,4.1,22.7,24.2,18.8
tane,2022,5,29,9,0,3.2,20.4,21.7,18.7
tane,2022,5,30,29,0,6.3,23.6,25,21.7
tane,2022,5,31,0,1,6.6,23.4,25.7,22.3
tane,2022,6,1,10,0,2.5,20.1,23.5,18.1
tane,2022,6,2,0,1,2.7,21.9,25.6,18.3
tane,2022,6,3,0,1,2.4,22.2,27.5,17.7
tane,2022,6,4,0,1,3,22.7,27.6,17.1
tane,2022,6,5,55.5,0,7.1,21.9,25.7,17.8
tane,2022,6,6,0.5,0,11.7,23.9,25.9,22.6
tane,2022,6,7,0,1,4.7,23.7,26.4,20.9
tane,2022,6,8,0,1,2,23.5,27.3,19
tane,2022,6,9,0,1,3.1,23.3,26.1,20.5
tane,2022,6,10,3.5,0,3.8,23.2,26.8,19.8
tane,2022,6,11,55.5,0,7.3,21.5,23.5,19.6
tane,2022,6,12,0,0,4.2,23.1,26,20.3
tane,2022,6,13,74,0,5.6,22.1,23.3,21.2
tane,2022,6,14,85,0,3,22.9,24.4,21
tane,2022,6,15,26.5,0,3.7,23.6,25.6,22.1
tane,2022,6,16,3.5,0,2.4,24.2,26.5,21.7
tane,2022,6,17,20,0,2.7,24,26.7,21.5
tane,2022,6,18,60,0,3.3,23.6,25,21.7
tane,2022,6,19,54.5,0,2.8,22.8,25.5,21.7
tane,2022,6,20,42.5,0,4.2,24.6,27.3,22.5
tane,2022,6,21,55.5,0,6.4,25,26.5,22.3
tane,2022,6,22,17,0,4.3,25.7,28.5,23.8
tane,2022,6,23,0,1,4,27.2,31,23.9
tane,2022,6,24,0,1,7.4,28,31.3,25.8
tane,2022,6,25,0,0,3.9,25.5,28.4,23
tane,2022,6,26,0,1,2.7,26.9,30.7,23
tane,2022,6,27,0,1,4.1,28.3,32.3,25
tane,2022,6,28,0,1,5.3,28.4,32,26.2
tane,2022,6,29,0,1,5.1,28.4,32.4,26
tane,2022,6,30,0,1,2.9,27.9,32,24.9
tane,2022,7,1,0,1,4.6,27.3,30.7,24.5
tane,2022,7,2,1.5,0,5.9,27.1,29.5,25.6
tane,2022,7,3,109,0,3.8,25.3,26.7,24
tane,2022,7,4,75,0,7.1,27,30.1,24.2
tane,2022,7,5,1.5,0,9.3,27.5,29.5,26.4
tane,2022,7,6,0,0,3.8,28.1,30.6,26.2
tane,2022,7,7,1,0,5.3,27.9,30.5,26.5
tane,2022,7,8,0,1,4.7,28.3,30.8,26.7
tane,2022,7,9,69,0,6.8,27.6,30,24.3
tane,2022,7,10,0,1,3,27,29.5,24.7
tane,2022,7,11,0,1,2.1,27.4,30.3,24.6
tane,2022,7,12,0,1,4.5,28.7,31,26.2
tane,2022,7,13,0,1,5.3,28.7,30.7,27.4
tane,2022,7,14,0,1,6.9,28.8,31.3,27.5
tane,2022,7,15,0,1,4.9,29,31.6,27.8
tane,2022,7,16,56.5,0,7,27.8,29.8,23.8
tane,2022,7,17,0,1,3.7,27.1,29.2,25
tane,2022,7,18,0.5,0,6.7,29,31.7,25.1
tane,2022,7,19,0.5,0,10,29.3,31.7,27.2
tane,2022,7,20,0.5,0,9.2,29.2,31.3,27.2
tane,2022,7,21,0,1,8.5,29.4,31.8,28.2
tane,2022,7,22,0,1,7.8,27.6,29.3,26.4
tane,2022,7,23,0,1,5,26.8,29.4,24.1
tane,2022,7,24,0,1,2.2,27.2,31.9,22.5
tane,2022,7,25,0,1,2.7,29.1,32.3,26.3
tane,2022,7,26,0,1,2,29,32.2,26.2
tane,2022,7,27,2,0,3.4,27.3,30.1,25.8
tane,2022,7,28,7,0,5.1,28.6,32.2,26.2
tane,2022,7,29,92.5,0,7.3,27.3,31,25.3
tane,2022,7,30,23.5,0,7.1,27.8,31.2,24.7
tane,2022,7,31,0.5,0,7.5,28.5,31.2,24.7
tane,2022,8,1,0,1,7.1,29.2,31.8,27
tane,2022,8,2,0,1,3.7,29.1,32.9,26.1
tane,2022,8,3,4,0,2.8,28.4,31.8,25.8
tane,2022,8,4,0,1,4.7,29.4,32.1,26.3
tane,2022,8,5,0,1,6.1,29.5,31.3,28.4
tane,2022,8,6,0,0,5.2,29.8,32.1,28.2
tane,2022,8,7,2.5,0,3.8,29.9,32.4,27.9
tane,2022,8,8,0,1,2.7,29.4,32.8,26.4
tane,2022,8,9,0.5,0,2.2,28.5,32.2,25.3
tane,2022,8,10,1.5,0,1.9,28.3,32.3,25.1
tane,2022,8,11,0,1,2.8,29.2,32.4,25.2
tane,2022,8,12,0,0,5,29.5,31.6,27
tane,2022,8,13,0,1,4.9,29.9,33.1,26.4
tane,2022,8,14,0,1,4.1,29.8,33.4,26.3
tane,2022,8,15,0,0,5.5,30.3,33.7,27.2
tane,2022,8,16,2.5,0,4.8,30.1,33.7,25.9
tane,2022,8,17,0,0,4.8,29.9,33.6,27
tane,2022,8,18,19.5,0,6.7,28.7,30.7,25.7
tane,2022,8,19,35,0,8.3,27.9,29.4,25.3
tane,2022,8,20,0,0,9.9,30.2,32.1,28.6
tane,2022,8,21,39.5,0,8.4,28.6,29.8,25
tane,2022,8,22,0,1,4.2,29.1,31.3,27.9
tane,2022,8,23,0,1,5.4,29,30.9,27.7
tane,2022,8,24,0,1,5.8,29.6,32.1,28.1
tane,2022,8,25,0.5,0,6.7,29.4,31.1,27.1
tane,2022,8,26,0,1,5.2,29.5,31.8,28.5
tane,2022,8,27,0,1,3.7,28.2,30.5,24.9
tane,2022,8,28,0,1,3.9,27.8,31.1,24.6
tane,2022,8,29,8.5,0,5.1,28.3,31.2,25.7
tane,2022,8,30,2,0,5.2,29.1,31.9,27.4
tane,2022,8,31,0,0,3.4,29.5,33.1,27.5
tane,2022,9,1,0,0,4.5,29.9,33.5,27.8
tane,2022,9,2,6,0,4.3,29,31.8,26.1
tane,2022,9,3,6,0,4.3,28.4,31.7,25.5
tane,2022,9,4,0,1,5.9,29.3,31.5,28.1
tane,2022,9,5,3.5,0,9.9,29,30.1,27.1
tane,2022,9,6,3,0,9.6,27.6,29.3,26.1
tane,2022,9,7,0,1,4.1,26.9,30.2,24.4
tane,2022,9,8,0,1,3.5,27.1,30.3,24.2
tane,2022,9,9,0,1,3.1,27.7,31.2,25.1
tane,2022,9,10,0,1,4.2,27.6,31.1,25.4
tane,2022,9,11,16.5,0,4.7,28.1,31.9,26
tane,2022,9,12,36.5,0,6.6,27.3,30.9,24.9
tane,2022,9,13,12.5,0,6.2,28,31.2,24.7
tane,2022,9,14,0,0,7.6,28.9,31.3,27.4
tane,2022,9,15,4.5,0,6.6,28.5,31.5,25.6
tane,2022,9,16,2.5,0,8.9,27.8,29.7,26.4
tane,2022,9,17,19.5,0,11.5,27.9,30.2,26.6
tane,2022,9,18,281,0,20.1,26.5,27.6,25.4
tane,2022,9,19,14,0,15.1,26.6,28,25.4
tane,2022,9,20,0,1,5.3,24.8,27.7,22.3
tane,2022,9,21,1,0,6,23.5,25.6,22
tane,2022,9,22,0,1,5.7,25.3,28.2,23
tane,2022,9,23,0,1,3.4,26.3,29.9,23.3
tane,2022,9,24,0,1,3.1,26,29.6,23.3
tane,2022,9,25,0,1,2.7,25.8,29.8,22.3
tane,2022,9,26,0,1,2.3,26.2,31.1,22.5
tane,2022,9,27,0,1,2.1,25.6,29.6,23.2
tane,2022,9,28,0,1,4.3,25.7,28.1,23.2
tane,2022,9,29,0,1,2.9,25.1,27.7,22.4
tane,2022,9,30,0,1,2.1,25.3,29.2,22.3
tane,2022,10,1,0,1,1.6,24.3,29.1,21.3
tane,2022,10,2,0,1,3.2,25,29.9,20.9
tane,2022,10,3,0,1,3,25.7,30.1,22.5
tane,2022,10,4,0,1,4.7,26.7,30.1,22.5
tane,2022,10,5,0,0,5.6,26.2,28,23.8
tane,2022,10,6,1,0,2.4,24.5,27.8,21.4
tane,2022,10,7,0,1,8.4,23.2,24.5,21.4
tane,2022,10,8,0,0,5.8,22.5,25.4,18.1
tane,2022,10,9,18,0,5.9,23.9,26.9,21.4
tane,2022,10,10,0,0,11.6,22.3,24.8,20
tane,2022,10,11,0,1,5.9,19.8,22.5,15.5
tane,2022,10,12,0,1,5.1,21.2,23.5,15.5
tane,2022,10,13,0,0,7,23.6,25.8,21.9
tane,2022,10,14,2.5,0,6.4,24.3,26.1,22.1
tane,2022,10,15,0,0,5.7,25.3,27.8,23.7
tane,2022,10,16,24,0,4.4,24.4,27.3,21.4
tane,2022,10,17,20,0,4.9,23.1,26,20.3
tane,2022,10,18,0.5,0,5.2,21.1,23.7,19.2
tane,2022,10,19,0,1,3.5,19.8,23.3,16.1
tane,2022,10,20,0,1,5.3,21.5,24.6,18.5
tane,2022,10,21,0,1,4.4,23.6,27.6,19.5
tane,2022,10,22,2.5,0,2.9,23.1,27.8,19.4
tane,2022,10,23,5,0,5,22.2,25.6,19.1
tane,2022,10,24,0,1,8.6,20.6,23.1,17.7
tane,2022,10,25,0,1,6.9,18.5,20.8,16.4
tane,2022,10,26,0,0,5.5,19.7,22.8,16.9
tane,2022,10,27,0,0,4.2,21.8,25.2,18.8
tane,2022,10,28,0,0,5.3,22.4,26,20.8
tane,2022,10,29,0,1,5.5,21.2,23.6,19.6
tane,2022,10,30,0,1,5.8,20.3,22.5,19
tane,2022,10,31,0,1,6.2,21,23.6,19
tane,2022,11,1,4.5,0,3.7,20,21.8,19.4
tane,2022,11,2,4,0,3.9,20.3,22.9,19.2
tane,2022,11,3,8.5,0,2.8,21.5,24.9,19.4
tane,2022,11,4,5.5,0,8.6,20.6,22.4,19
tane,2022,11,5,0,1,3.1,18.1,21,13.8
tane,2022,11,6,0,1,3.5,17.6,22.6,13.5
tane,2022,11,7,0,0,2.5,19.6,23.4,16.1
tane,2022,11,8,0,1,3.3,18.1,23.9,14.5
tane,2022,11,9,0,1,3,18.6,24.5,13.7
tane,2022,11,10,0,1,2.9,21.3,25.7,16.4
tane,2022,11,11,0,0,3.7,21.1,23.9,18.9
tane,2022,11,12,17.5,0,3.8,21.5,25.4,18.7
tane,2022,11,13,12.5,0,9.3,22.6,24.7,19.6
tane,2022,11,14,0,1,7,19.8,21.7,18.5
tane,2022,11,15,0,0,7.8,18.6,19.9,16.6
tane,2022,11,16,0,1,4.9,16.1,19.6,12
tane,2022,11,17,2.5,0,3.1,16.5,23.2,10.5
tane,2022,11,18,21,0,4.4,18.4,20.4,14.5
tane,2022,11,19,30.5,0,6.5,19,19.7,18.1
tane,2022,11,20,17.5,0,3.4,19,21.1,17.3
tane,2022,11,21,0,1,2.7,18.5,22.9,14.8
tane,2022,11,22,16,0,2.6,18.8,22,14.6
tane,2022,11,23,12.5,0,8.4,20.9,24,18.5
tane,2022,11,24,0,1,4.4,18.8,21.5,14.3
tane,2022,11,25,0,1,3.1,17.7,22,12.6
tane,2022,11,26,2.5,0,3,18.6,21,15.8
tane,2022,11,27,0,1,2.8,18.2,22.5,13.8
tane,2022,11,28,0,0,4.5,21.4,24,17.8
tane,2022,11,29,52,0,6.7,22.3,24.3,21
tane,2022,11,30,2.5,0,9.5,17.3,22.3,14.3
tane,2022,12,1,0,0,5.5,13.7,15.7,12.6
tane,2022,12,2,0,0,3.9,13.3,14.9,12.1
tane,2022,12,3,0.5,0,4.5,17.4,19.5,14.7
tane,2022,12,4,11.5,0,5.4,17.5,18.5,14.4
tane,2022,12,5,32,0,3.9,13.5,15.6,11.4
tane,2022,12,6,0,0,8.5,12.7,14,11.6
tane,2022,12,7,0,1,5.6,13.3,15.3,9.2
tane,2022,12,8,0,1,3.4,14.1,18.4,7.2
tane,2022,12,9,0,0,3.9,16.7,19.8,12.6
tane,2022,12,10,1,0,3.4,17.2,20.2,13.9
tane,2022,12,11,0,1,8.4,16.2,18.8,12.6
tane,2022,12,12,3,0,3.2,14.3,18.7,9.8
tane,2022,12,13,1,0,10.4,15.1,16.9,13.7
tane,2022,12,14,0,0,11.7,12.6,16.3,9.1
tane,2022,12,15,0,1,5.9,9.9,12.2,5.5
tane,2022,12,16,8,0,2.6,11.3,14.9,5.6
tane,2022,12,17,35.5,0,9.6,11,12.6,8.8
tane,2022,12,18,11,0,12.6,8.6,10.8,6.2
tane,2022,12,19,0,0,6.7,8.8,10.9,5.4
tane,2022,12,20,0,1,3.2,9.6,14.4,5.4
tane,2022,12,21,6.5,0,6.2,14.2,17.1,8.4
tane,2022,12,22,10,0,14.1,12,15.7,7.4
tane,2022,12,23,12.5,0,15.3,8.4,10.3,6.6
tane,2022,12,24,0.5,0,11.7,8.2,9.4,6.1
tane,2022,12,25,0,1,8.8,10,13.4,3
tane,2022,12,26,0,1,8.6,11.2,12.6,9.6
tane,2022,12,27,0,1,5.2,12.1,14.2,8.4
tane,2022,12,28,0,1,6.5,12.6,13.7,11.4
tane,2022,12,29,0,1,6.7,11.5,12.9,9.9
tane,2022,12,30,0,1,3.1,11.6,13.3,9.2
tane,2022,12,31,0,1,9.5,11.3,13.1,9.5
yaku,2020,1,1,0,1,5.6,10.1,13,7.4
yaku,2020,1,2,0,0,5.6,12.8,16.1,10
yaku,2020,1,3,2,0,5.3,13.8,15.2,12.3
yaku,2020,1,4,0,1,7.9,14.5,16.5,13.1
yaku,2020,1,5,0,1,4.6,12.6,16.1,8.8
yaku,2020,1,6,0,1,2.7,14.4,18.7,9.7
yaku,2020,1,7,0,0,5.1,19,21.5,14.6
yaku,2020,1,8,3,0,9.5,16.2,20.4,13.3
yaku,2020,1,9,0,1,8,13.9,16.7,12.5
yaku,2020,1,10,0,1,5.2,13.5,16.3,10.5
yaku,2020,1,11,2,0,3,12.8,15.8,10.1
yaku,2020,1,12,22.5,0,7,12.5,14.5,10.9
yaku,2020,1,13,0,1,6.8,13.2,16.5,10.2
yaku,2020,1,14,3,0,4.1,12.4,16.1,8.2
yaku,2020,1,15,0,0,6.8,11.9,13.6,10.6
yaku,2020,1,16,9,0,3.2,12.7,15.2,10.9
yaku,2020,1,17,29.5,0,7.2,12.8,14.1,10.7
yaku,2020,1,18,6,0,7.8,11.5,13.7,9.5
yaku,2020,1,19,9.5,0,3.8,12.2,15.4,10.1
yaku,2020,1,20,5.5,0,4,12.5,16.1,9.6
yaku,2020,1,21,0,0,4.8,12.1,15.1,8.7
yaku,2020,1,22,0,0,4.3,16.6,20.2,10.1
yaku,2020,1,23,11.5,0,4.7,18.8,21.9,17.6
yaku,2020,1,24,2,0,3.4,16.6,17.9,15.7
yaku,2020,1,25,81,0,4.4,16.8,17.9,15.2
yaku,2020,1,26,120.5,0,7.3,16.3,17.7,14.4
yaku,2020,1,27,204.5,0,6.5,18.6,24.5,15.4
yaku,2020,1,28,4.5,0,6.1,13.8,15.9,12
yaku,2020,1,29,43,0,4.6,12.2,16.3,10.4
yaku,2020,1,30,21,0,6,10.3,13.7,8.1
yaku,2020,1,31,2.5,0,7.3,11,13.8,9.4
yaku,2020,2,1,0,0,5.6,12.2,15.7,9.3
yaku,2020,2,2,0,1,3.6,12.1,15,8.6
yaku,2020,2,3,3.5,0,4.9,11.4,13.4,8.6
yaku,2020,2,4,2.5,0,4.1,12.2,15.4,10.4
yaku,2020,2,5,2,0,8.5,11.4,13.9,9.6
yaku,2020,2,6,0,1,5.9,10.2,13.5,7.2
yaku,2020,2,7,41,0,4.5,12.3,13.8,10.1
yaku,2020,2,8,3.5,0,9.6,12,13.9,10.9
yaku,2020,2,9,3,0,7,10.5,13.2,8.5
yaku,2020,2,10,0,0,7.7,12.8,16,8.9
yaku,2020,2,11,0,1,3.9,14.2,17.1,11.1
yaku,2020,2,12,23,0,6,17.4,19,14.8
yaku,2020,2,13,6.5,0,2.8,17.6,19.1,15.9
yaku,2020,2,14,4.5,0,3.5,18.4,22.9,15.9
yaku,2020,2,15,51.5,0,3,18.2,21.1,16.3
yaku,2020,2,16,67,0,7.4,15.7,21,10.4
yaku,2020,2,17,10,0,6.3,9,12.1,5.6
yaku,2020,2,18,2.5,0,8.2,8.8,12.5,5.1
yaku,2020,2,19,0,1,3.5,11,14.1,8.5
yaku,2020,2,20,0,0,3.8,12.1,17.9,7.2
yaku,2020,2,21,0,0,3.5,15.1,19.9,8.6
yaku,2020,2,22,0,0,5.5,15.8,18.5,12.3
yaku,2020,2,23,0,1,7.3,13.1,16,10.5
yaku,2020,2,24,0,1,2.8,13.1,17.8,8.8
yaku,2020,2,25,0.5,0,2.8,16.4,22.4,9.7
yaku,2020,2,26,0.5,0,6.3,17.9,21.2,15.3
yaku,2020,2,27,0,1,5.5,14.2,17.5,9.9
yaku,2020,2,28,0,0,5.2,15,17.5,9.8
yaku,2020,2,29,6,0,4.1,17.5,19.8,14.6
yaku,2020,3,1,16.5,0,3.6,17.2,19.1,15.7
yaku,2020,3,2,2,0,6.9,15.5,19,12.5
yaku,2020,3,3,0,0,3.8,14.9,17.2,10.4
yaku,2020,3,4,7.5,0,6.2,14.9,17.7,12.7
yaku,2020,3,5,0,1,8.5,10.6,13.5,7
yaku,2020,3,6,0,1,2.4,11,16.5,6
yaku,2020,3,7,49.5,0,4.3,14.9,17.8,10.9
yaku,2020,3,8,5,0,6.4,15.3,18.9,11.5
yaku,2020,3,9,113.5,0,4.6,16.9,21.6,12
yaku,2020,3,10,86.5,0,7.6,18.4,23.2,13.9
yaku,2020,3,11,0,1,11.3,13.2,15.8,11.1
yaku,2020,3,12,0,1,3.5,12.1,14.9,10.1
yaku,2020,3,13,2.5,0,2,15.2,18.8,10.5
yaku,2020,3,14,10,0,9.9,13.2,16.7,10.7
yaku,2020,3,15,0,0,8.7,13.5,16.5,10.8
yaku,2020,3,16,0,0,9.2,11.4,14.8,7.5
yaku,2020,3,17,0,1,2.5,11.7,16.9,7.3
yaku,2020,3,18,0.5,0,1.9,13.3,18.8,8.9
yaku,2020,3,19,0.5,0,4.8,17.6,20.6,12.8
yaku,2020,3,20,0,1,7.5,14.4,17.6,11.6
yaku,2020,3,21,0,1,2.6,15.1,22.7,7.9
yaku,2020,3,22,19.5,0,4.4,16.9,20.6,12.4
yaku,2020,3,23,0,1,7.6,17.9,20.8,15.4
yaku,2020,3,24,0,1,4.3,15.7,20,11.3
yaku,2020,3,25,0,0,3,16.8,22.1,11.4
yaku,2020,3,26,7.5,0,5.5,18.7,20,15.2
yaku,2020,3,27,4.5,0,5.5,20.7,24,17.9
yaku,2020,3,28,13,0,4.7,17,19,14.8
yaku,2020,3,29,12,0,4.4,16,18.8,13.3
yaku,2020,3,30,69.5,0,7.3,15.8,17.2,14
yaku,2020,3,31,29.5,0,3.5,16.4,17.6,15.3
yaku,2020,4,1,30.5,0,9,16.4,19.7,14.1
yaku,2020,4,2,0,1,5.3,15.8,19.1,12.7
yaku,2020,4,3,2,0,2.2,15.4,18.5,11.6
yaku,2020,4,4,1,0,5.4,15.9,19.3,13.9
yaku,2020,4,5,0,1,7.5,15.5,18.6,12.8
yaku,2020,4,6,0,1,4.1,15.1,18.4,11.3
yaku,2020,4,7,0.5,0,4.6,15.8,19.2,13.5
yaku,2020,4,8,0,1,5.9,17.7,22.2,13.7
yaku,2020,4,9,0,1,5.6,17.2,19.8,14
yaku,2020,4,10,0,1,5.3,17,20.7,13.9
yaku,2020,4,11,4,0,2.6,16.4,19.9,12.2
yaku,2020,4,12,70,0,4.8,15.1,19.9,10.8
yaku,2020,4,13,3,0,12.3,13.2,16.4,11
yaku,2020,4,14,0,1,6.7,14.8,19.6,11.4
yaku,2020,4,15,11.5,0,2.2,14.5,20.5,11.2
yaku,2020,4,16,0,1,4,16.1,21.2,11.2
yaku,2020,4,17,0,0,4.6,18,23.5,11.6
yaku,2020,4,18,0.5,0,6.6,19.2,23.6,15.1
yaku,2020,4,19,39.5,0,5.2,18.8,21.7,12.7
yaku,2020,4,20,8,0,8.4,18.7,21.5,15.4
yaku,2020,4,21,0,0,8,17.5,21.2,15.4
yaku,2020,4,22,0,0,10.9,14.9,17.5,12.1
yaku,2020,4,23,0,1,9.9,14.3,16.2,13.3
yaku,2020,4,24,0,0,7.6,15.2,18.8,13
yaku,2020,4,25,0,0,3.2,15.2,19.9,10.8
yaku,2020,4,26,0,0,2.6,17.1,22.7,10.7
yaku,2020,4,27,0,0,4.4,17.7,21.9,13.3
yaku,2020,4,28,0,0,5.4,16.5,20.3,12.3
yaku,2020,4,29,0,1,2.8,15.9,21.6,10.2
yaku,2020,4,30,0,0,2.6,16.8,22.7,11.2
yaku,2020,5,1,0,0,3,18.5,23.6,13.1
yaku,2020,5,2,0,0,3.6,19.7,24,14.3
yaku,2020,5,3,26,0,4.7,21,24.7,18.5
yaku,2020,5,4,0.5,0,4,21.6,25.4,18.1
yaku,2020,5,5,0,0,2.8,20.5,23.6,18.3
yaku,2020,5,6,21.5,0,2,20.7,22.2,19
yaku,2020,5,7,0,0,3.4,19.5,22.9,13.8
yaku,2020,5,8,0,1,4.2,19.8,24.1,14
yaku,2020,5,9,0.5,0,5.4,21.8,25,19.3
yaku,2020,5,10,17.5,0,4,22.6,28.5,19.7
yaku,2020,5,11,0,0,5.7,21.2,24.8,17.4
yaku,2020,5,12,0.5,0,4.1,20.3,23.9,16.3
yaku,2020,5,13,0,1,6.6,19.9,23,15.1
yaku,2020,5,14,0,1,4,20.8,25.4,13.7
yaku,2020,5,15,58,0,5.8,22.2,24,20
yaku,2020,5,16,69,0,4,24.8,30.7,20.8
yaku,2020,5,17,26,0,2.6,22.9,26.3,20.5
yaku,2020,5,18,28.5,0,4.9,23.4,27.6,21.5
yaku,2020,5,19,0,0,7.7,21.8,24,20
yaku,2020,5,20,0,1,6.5,20.7,23.9,17.7
yaku,2020,5,21,0,1,4.1,20.1,23.8,17
yaku,2020,5,22,7.5,0,5.3,20,21,18.5
yaku,2020,5,23,0.5,0,4.4,22.6,25.9,20.2
yaku,2020,5,24,1,0,3.1,22.4,25.6,20.3
yaku,2020,5,25,0,0,2.7,22.7,25.8,19.6
yaku,2020,5,26,8.5,0,2.1,21.7,25.9,18
yaku,2020,5,27,13.5,0,3.1,20.6,23.7,18.3
yaku,2020,5,28,0,1,5.7,22.3,25.8,18
yaku,2020,5,29,0,0,2.9,21.9,25.4,17.8
yaku,2020,5,30,17,0,2.9,20.4,24,16.4
yaku,2020,5,31,19.5,0,4,20.6,22.5,17.2
yaku,2020,6,1,0,0,2.2,22.9,25.7,19.9
yaku,2020,6,2,8.5,0,2.7,22.9,25.7,19.9
yaku,2020,6,3,103,0,3.2,22.9,25.5,19.9
yaku,2020,6,4,52,0,2.5,23.4,26.6,22.4
yaku,2020,6,5,47.5,0,2,23.9,27.7,20.8
yaku,2020,6,6,259.5,0,4.1,21.1,23.3,19.4
yaku,2020,6,7,0,0,3.3,23.7,27.1,20.1
yaku,2020,6,8,3,0,5,24,27.2,22
yaku,2020,6,9,5,0,4.1,23.4,26.1,21.3
yaku,2020,6,10,25.5,0,2.4,24.1,26.7,21.3
yaku,2020,6,11,17,0,3,24.3,27.3,22.8
yaku,2020,6,12,16.5,0,2.3,24.9,29,22.8
yaku,2020,6,13,0,0,1.9,27.2,32.1,23.2
yaku,2020,6,14,0,0,1.9,27.8,33,23
yaku,2020,6,15,1.5,0,2.7,26.6,28.9,24.1
yaku,2020,6,16,64,0,2.9,24.4,26.8,22.9
yaku,2020,6,17,7.5,0,2.7,22.8,25.2,20.1
yaku,2020,6,18,0,0,3.7,28.5,33.6,22.3
yaku,2020,6,19,22,0,5.2,26.9,31.3,23.8
yaku,2020,6,20,33.5,0,2.6,22.2,24.5,20.3
yaku,2020,6,21,57.5,0,3.8,22,23.1,20.4
yaku,2020,6,22,1,0,4.3,24.1,27.5,22.5
yaku,2020,6,23,0,0,2.8,24.7,28.5,21.4
yaku,2020,6,24,0,0,3.3,25.3,28.6,22.5
yaku,2020,6,25,1,0,2.8,27.2,31.6,23.2
yaku,2020,6,26,41,0,2.3,25.1,26.8,23.8
yaku,2020,6,27,25.5,0,2,26,29.5,23.2
yaku,2020,6,28,95.5,0,4.4,26.7,30.1,24.3
yaku,2020,6,29,82,0,3.1,24.9,27.7,23.1
yaku,2020,6,30,143,0,5.7,25.9,27.9,23.9
yaku,2020,7,1,44,0,3.6,23.6,26.9,22.1
yaku,2020,7,2,15,0,2.6,24.2,27.1,21.9
yaku,2020,7,3,35.5,0,3.6,25,27.5,23.7
yaku,2020,7,4,15,0,3.1,26.3,29.4,24.9
yaku,2020,7,5,72.5,0,2.8,24.8,26.4,23.5
yaku,2020,7,6,44.5,0,3.4,25.8,27.6,24.5
yaku,2020,7,7,25.5,0,3.8,26.8,30,24.5
yaku,2020,7,8,57,0,3.1,25.1,31,23
yaku,2020,7,9,76,0,3.5,24.6,27.1,22.6
yaku,2020,7,10,14,0,5.7,26.9,29.9,23.9
yaku,2020,7,11,0,0,2.8,28.4,32.2,25.5
yaku,2020,7,12,0,1,1.5,27.2,30,24.7
yaku,2020,7,13,0,0,2,27.4,31.4,23.6
yaku,2020,7,14,0,0,3.3,26.8,31.3,24
yaku,2020,7,15,3.5,0,4.4,24.3,29.7,22.5
yaku,2020,7,16,55,0,2.2,23.8,25,22.4
yaku,2020,7,17,38,0,3.3,24.1,26.4,21.5
yaku,2020,7,18,22,0,1.8,24,26,21.2
yaku,2020,7,19,9,0,2,26.6,30,23.9
yaku,2020,7,20,0,0,1.6,27.5,31.3,23.9
yaku,2020,7,21,0,1,2.1,27.6,31.5,23.8
yaku,2020,7,22,0,0,2.6,27,30.9,23.2
yaku,2020,7,23,0,1,2.3,27,30.7,23.4
yaku,2020,7,24,55,0,3.9,26.6,30.2,24.4
yaku,2020,7,25,43,0,2.9,24.9,26.2,23.8
yaku,2020,7,26,76,0,4.7,25.9,28.6,22.4
yaku,2020,7,27,31,0,4.8,27.4,31.2,24.8
yaku,2020,7,28,0,1,3.7,28.1,32.1,24.6
yaku,2020,7,29,1,0,2.3,27.3,30.5,24.9
yaku,2020,7,30,0,1,2.4,27.6,31.2,24.2
yaku,2020,7,31,0,1,1.9,27.5,31.3,24.1
yaku,2020,8,1,0,1,2.3,27.5,30.9,24.2
yaku,2020,8,2,0,1,2.5,26.8,30.5,24
yaku,2020,8,3,0,1,3.3,27.1,30.9,23.4
yaku,2020,8,4,3,0,4,28.3,31.1,24.5
yaku,2020,8,5,0,1,3.1,28,31.1,24.8
yaku,2020,8,6,0,0,2.3,27.4,31.5,24.1
yaku,2020,8,7,0,0,2.2,27.3,32.2,22.7
yaku,2020,8,8,0,0,3.2,28.2,32.1,24.5
yaku,2020,8,9,5,0,5.3,28.2,31.4,25.3
yaku,2020,8,10,39.5,0,6.2,27.2,29.2,25.2
yaku,2020,8,11,2.5,0,2.6,27.6,32.3,24.8
yaku,2020,8,12,0,1,2.2,28.3,32.2,25.5
yaku,2020,8,13,0,1,2.2,28.2,31.6,24.7
yaku,2020,8,14,0,1,1.7,27.8,30.7,24.9
yaku,2020,8,15,0,1,2.8,28,31.7,24.3
yaku,2020,8,16,0,0,3.5,28.2,32.6,23.4
yaku,2020,8,17,0,1,3.1,28.9,32.4,25.5
yaku,2020,8,18,0,1,2.8,29.1,33.3,24.8
yaku,2020,8,19,0,1,2.9,27.9,31.9,23.1
yaku,2020,8,20,0,0,2,28.2,31.7,25.3
yaku,2020,8,21,0,1,2.4,28.3,31.7,25.4
yaku,2020,8,22,0,0,2.2,28.3,31.9,25
yaku,2020,8,23,0,1,2.2,27.8,31.2,24.1
yaku,2020,8,24,0,0,4.1,28.7,31.6,25.5
yaku,2020,8,25,1,0,6,29,31.6,27.6
yaku,2020,8,26,79,0,7,26.3,28.7,23.7
yaku,2020,8,27,71.5,0,5.6,26.4,29.6,24.3
yaku,2020,8,28,24,0,3,27.4,31,24
yaku,2020,8,29,0,0,1.9,28.1,31.4,25.8
yaku,2020,8,30,0,1,1.9,27.9,30.7,25.5
yaku,2020,8,31,0,0,2.5,28.3,31,25.8
yaku,2020,9,1,3.5,0,5.8,28,29.9,25.8
yaku,2020,9,2,7.5,0,9.2,28.2,29.1,26.9
yaku,2020,9,3,0,0,2.3,27.7,31,24.2
yaku,2020,9,4,4.5,0,2.4,26.4,29.5,23.8
yaku,2020,9,5,95,0,4.6,26.8,29.6,23.6
yaku,2020,9,6,113.5,0,15.5,25.8,27.6,23.1
yaku,2020,9,7,8,0,4.1,26.2,30.6,22
yaku,2020,9,8,0,0,2.2,24.5,28.7,20.6
yaku,2020,9,9,1,0,2.9,23.7,27.4,21.6
yaku,2020,9,10,38,0,2.8,23.8,25.8,22.1
yaku,2020,9,11,7,0,3.4,26.1,29.3,23.7
yaku,2020,9,12,3.5,0,3.4,26.7,30.1,24.7
yaku,2020,9,13,3,0,2.1,24.2,26.7,21.8
yaku,2020,9,14,0,0,2,24.5,27.5,21.7
yaku,2020,9,15,26,0,2.1,23.5,24.4,22
yaku,2020,9,16,24.5,0,1.7,25.2,28.5,23
yaku,2020,9,17,3.5,0,1.8,25.5,29.2,23.6
yaku,2020,9,18,1,0,2.7,26.1,30.3,23.3
yaku,2020,9,19,0,0,4,24.5,27.5,22.8
yaku,2020,9,20,10.5,0,4.5,21.7,23.7,19.1
yaku,2020,9,21,1.5,0,7.5,23.6,25.4,20
yaku,2020,9,22,0,0,9.7,24.5,25.2,23.4
yaku,2020,9,23,0,0,5.8,24.5,25.3,23.3
yaku,2020,9,24,92,0,3.4,23.8,24.8,23
yaku,2020,9,25,1,0,5.9,24.6,27.5,22.2
yaku,2020,9,26,0,0,3.7,24,25.5,21.3
yaku,2020,9,27,38.5,0,4.7,23.7,26.3,20.9
yaku,2020,9,28,0,0,8.3,24,25.9,23.3
yaku,2020,9,29,5,0,5.2,23.9,26.5,21.9
yaku,2020,9,30,135,0,3.7,21.5,23.7,20.2
yaku,2020,10,1,0,0,3.8,23.1,26.6,19.7
yaku,2020,10,2,0,0,2.9,23,27.7,18.4
yaku,2020,10,3,0,0,2.1,23.1,28,18.8
yaku,2020,10,4,0,1,2,23.4,27.5,20.6
yaku,2020,10,5,0,0,5.5,23.4,26.4,21.1
yaku,2020,10,6,0,1,7.6,22.8,24.8,21.1
yaku,2020,10,7,0,0,10.3,22.7,24.1,21.9
yaku,2020,10,8,10,0,17.5,22.4,23.7,20.8
yaku,2020,10,9,20,0,9.4,23.5,26.4,20
yaku,2020,10,10,0,0,5.2,24.8,27.5,22.4
yaku,2020,10,11,6.5,0,2,23.3,26.7,21.3
yaku,2020,10,12,0,0,5,23.4,27,21.8
yaku,2020,10,13,0,0,4.7,22.9,26.3,19.2
yaku,2020,10,14,0,0,2.5,21.9,26.2,18.6
yaku,2020,10,15,0,0,3.3,22.1,25.3,18.4
yaku,2020,10,16,8.5,0,3.2,22.8,25.8,20.5
yaku,2020,10,17,6,0,8,20.3,21.9,19.3
yaku,2020,10,18,5.5,0,7.8,20.6,22.3,19.4
yaku,2020,10,19,2,0,6.5,21,22,19.3
yaku,2020,10,20,0,1,8.4,22.4,23.9,20.6
yaku,2020,10,21,0,0,6.5,24.1,26,22.4
yaku,2020,10,22,90.5,0,5.3,23.2,26.4,18.8
yaku,2020,10,23,25,0,9.4,19,21.5,17.4
yaku,2020,10,24,0,0,8.4,18.6,21.5,17
yaku,2020,10,25,0,1,5.2,19.2,22.5,16.5
yaku,2020,10,26,0,0,3,19,23.1,14.8
yaku,2020,10,27,0,0,2.4,19.1,24.1,15.3
yaku,2020,10,28,0,0,2.2,20.2,25.4,16.2
yaku,2020,10,29,0,0,3.2,21.4,25.6,17.2
yaku,2020,10,30,0,0,7.4,21.5,23.7,19.4
yaku,2020,10,31,0,0,7.8,19.4,21.6,15.5
yaku,2020,11,1,19.5,0,3.5,20.7,23.6,18.3
yaku,2020,11,2,2.5,0,4.7,22.3,27.3,19.8
yaku,2020,11,3,0,0,9.2,19.2,21.2,16.4
yaku,2020,11,4,0,1,5.9,15.4,18.6,12.2
yaku,2020,11,5,0,0,3.2,18.1,22.6,11.7
yaku,2020,11,6,47.5,0,4.4,21.3,23.2,19.3
yaku,2020,11,7,20.5,0,3.5,23.2,27.6,20
yaku,2020,11,8,0,0,7.7,19.5,20.6,18.1
yaku,2020,11,9,0,1,7.6,17.6,19.9,15.2
yaku,2020,11,10,0,0,4.4,17.1,21.1,14.2
yaku,2020,11,11,0,0,6.2,18.1,21.9,14.6
yaku,2020,11,12,0,0,7,19.5,21.3,16.3
yaku,2020,11,13,0,0,4.1,19.2,22.5,14.2
yaku,2020,11,14,0,0,9.1,21,22,19.8
yaku,2020,11,15,0,0,2.4,20.5,24.7,16.4
yaku,2020,11,16,0,0,2.3,21.3,25.5,18.2
yaku,2020,11,17,0,0,4.2,22.1,25.8,18.1
yaku,2020,11,18,3,0,4.4,22.8,25.8,20
yaku,2020,11,19,1,0,5.8,23.3,25.9,20.8
yaku,2020,11,20,20,0,6.4,20.8,23.9,18
yaku,2020,11,21,0,0,4.9,18.2,21.4,15.3
yaku,2020,11,22,0,0,2.5,20.1,23.4,17
yaku,2020,11,23,2,0,7.8,17.2,20.7,14.5
yaku,2020,11,24,0,0,4,17.2,20.6,14.3
yaku,2020,11,25,0,0,5.4,18,21.9,15.8
yaku,2020,11,26,0,0,3.7,17.8,21.6,14.2
yaku,2020,11,27,0,0,6.1,18.6,21.9,16.1
yaku,2020,11,28,0,0,8.7,15,17.3,12.7
yaku,2020,11,29,0,0,7,14.2,16.5,12.5
yaku,2020,11,30,0,1,7.5,13.8,14.5,12.5
yaku,2020,12,1,0,0,6.7,16,18,12.8
yaku,2020,12,2,1,0,5.2,17.8,20.3,15.6
yaku,2020,12,3,2.5,0,6.3,15.3,17.9,13.4
yaku,2020,12,4,0,0,5.6,13.6,14.4,12.3
yaku,2020,12,5,0,0,4.4,15.9,18.3,13.6
yaku,2020,12,6,1,0,3.5,16.4,18.9,14.4
yaku,2020,12,7,0,0,5.9,17.5,18.9,16
yaku,2020,12,8,4,0,7.3,14.5,18.4,10.4
yaku,2020,12,9,5.5,0,5,14.6,18,9.5
yaku,2020,12,10,0.5,0,3.3,17,20.3,15.4
yaku,2020,12,11,1,0,4.5,17,20.2,14.5
yaku,2020,12,12,2,0,5.8,15.4,17.8,13.4
yaku,2020,12,13,0,0,4.6,14.9,18.2,12.2
yaku,2020,12,14,16,0,8.9,11.4,16,9.5
yaku,2020,12,15,0,0,10.3,9.3,10.3,7.8
yaku,2020,12,16,15.5,0,7.7,9.1,10.7,7.5
yaku,2020,12,17,0,0,8.3,10.1,11.5,8.8
yaku,2020,12,18,0,0,4.6,11.2,13.6,9.3
yaku,2020,12,19,0.5,0,7.3,11.2,12.4,9.9
yaku,2020,12,20,0,1,8.3,10.1,12.7,6.9
yaku,2020,12,21,0,1,6.6,11.3,13.8,9.2
yaku,2020,12,22,0,1,4,12.1,15.1,8.8
yaku,2020,12,23,0,0,2.7,12.9,16.7,9.1
yaku,2020,12,24,6.5,0,6.1,15.8,20.9,12.9
yaku,2020,12,25,0,1,9.1,12.2,14.1,9.7
yaku,2020,12,26,0,1,3.7,10.7,15.2,5.9
yaku,2020,12,27,11.5,0,4,15.2,18.5,9.7
yaku,2020,12,28,2.5,0,5.8,16.7,19.2,12.3
yaku,2020,12,29,30.5,0,3.8,18.1,21.3,13.3
yaku,2020,12,30,8,0,13.8,10.9,18.7,5.9
yaku,2020,12,31,0,0,12.4,6.7,8.3,4.6
yaku,2021,1,1,2,0,4.5,8.4,11.8,6.6
yaku,2021,1,2,0,0,4.7,10.6,13.3,6.9
yaku,2021,1,3,0,1,5.8,11.2,13.3,9.6
yaku,2021,1,4,0,0,3.1,11.9,14.3,9.3
yaku,2021,1,5,7,0,6,11.3,13.3,9
yaku,2021,1,6,0,0,7,9.8,11.6,8.2
yaku,2021,1,7,3,0,8.1,7.2,10,4
yaku,2021,1,8,18,0,5.7,3.9,5.8,2.2
yaku,2021,1,9,34,0,7.1,5.1,6.9,2.1
yaku,2021,1,10,0,0,6.6,6.7,8.1,5
yaku,2021,1,11,11,0,3.2,9.3,12.5,6.2
yaku,2021,1,12,23.5,0,4.9,8.8,11,7.2
yaku,2021,1,13,0,0,3.1,10.8,15,7.3
yaku,2021,1,14,0,0,2.8,11.4,16.8,7.2
yaku,2021,1,15,0,0,3,13.5,19.8,8.5
yaku,2021,1,16,0,0,6.3,14.3,20.4,11
yaku,2021,1,17,0,0,10.6,10,12,8.5
yaku,2021,1,18,1,0,5,9.8,12.5,7.6
yaku,2021,1,19,0,1,6.6,11.1,14.2,6.7
yaku,2021,1,20,0,1,3.7,12.1,17.5,5.6
yaku,2021,1,21,11,0,3.9,15.5,18.1,12.4
yaku,2021,1,22,5,0,3.1,17.4,20.2,14.8
yaku,2021,1,23,22,0,4,17.6,21.1,15
yaku,2021,1,24,2,0,5.7,16.1,18.9,14.6
yaku,2021,1,25,29.5,0,6,15.3,17.2,14.1
yaku,2021,1,26,30.5,0,4.6,16.6,19.3,14.7
yaku,2021,1,27,0,0,5.2,14.9,16.2,13.3
yaku,2021,1,28,0.5,0,7.6,14,17.1,11.1
yaku,2021,1,29,0.5,0,11.1,8.3,11.3,6.7
yaku,2021,1,30,0,1,6.2,9.5,12.5,7
yaku,2021,1,31,0,0,3.2,11.1,15.6,7.9
yaku,2021,2,1,0,0,3.4,15,20.9,8
yaku,2021,2,2,6.5,0,8.9,13.3,18.7,10.1
yaku,2021,2,3,0,1,7.5,10,13.4,8.2
yaku,2021,2,4,0,0,4.8,12.6,16.9,7
yaku,2021,2,5,0,0,2.8,12.8,16.6,8.6
yaku,2021,2,6,6.5,0,5.2,15.6,17.8,12.2
yaku,2021,2,7,0,1,6.2,15.2,19,11.5
yaku,2021,2,8,0,1,8.3,13.3,16.8,10.4
yaku,2021,2,9,0,0,6.8,10.9,14.6,8
yaku,2021,2,10,0,1,3.7,12.7,16.2,10.1
yaku,2021,2,11,5.5,0,4.4,14.3,16.5,12.2
yaku,2021,2,12,11,0,5.9,14.4,16.8,12.1
yaku,2021,2,13,35.5,0,4.3,17.2,20.4,14.6
yaku,2021,2,14,98.5,0,4.9,18.3,20.6,16.1
yaku,2021,2,15,8,0,11.3,16.5,19.4,12.7
yaku,2021,2,16,0,0,7.8,12.7,14.8,11.4
yaku,2021,2,17,10.5,0,10.5,8.7,12.8,5.9
yaku,2021,2,18,6.5,0,11,7.2,9.1,3.9
yaku,2021,2,19,0,0,6.4,10.3,14.1,6.7
yaku,2021,2,20,0,0,2.4,11.7,18.7,6
yaku,2021,2,21,0,1,2.7,13.9,20.9,8
yaku,2021,2,22,0,0,1.9,15.9,20.1,11.2
yaku,2021,2,23,0,0,5.4,16.5,19.9,12.4
yaku,2021,2,24,0,1,2.7,14.4,19.3,10.8
yaku,2021,2,25,0,0,3.5,16.3,20.2,10
yaku,2021,2,26,123.5,0,10.6,16.1,18.6,13.6
yaku,2021,2,27,10.5,0,10.6,14.7,15.8,13.6
yaku,2021,2,28,5.5,0,7.7,16.3,17.4,14.6
yaku,2021,3,1,7,0,4.9,17.9,20.2,15.6
yaku,2021,3,2,7.5,0,9.9,14.7,18.9,10.3
yaku,2021,3,3,0,1,5,11.7,13.6,9.8
yaku,2021,3,4,43,0,5.9,15.7,17.1,12.7
yaku,2021,3,5,28.5,0,5.9,18,22.3,13.5
yaku,2021,3,6,0,0,5.8,17.5,19.5,15.5
yaku,2021,3,7,46.5,0,6.4,15.1,17.2,13.7
yaku,2021,3,8,0.5,0,5.4,15,16.3,11.1
yaku,2021,3,9,12.5,0,2.3,15.2,16.5,12.5
yaku,2021,3,10,0,0,4.8,15.1,19.1,11.3
yaku,2021,3,11,0,0,3.6,16.3,21.3,10.2
yaku,2021,3,12,24,0,7,17.5,20.7,15.3
yaku,2021,3,13,0,0,9,15.8,18.9,13.9
yaku,2021,3,14,0,1,5.1,14.9,18.3,12.2
yaku,2021,3,15,0,0,3.3,14.2,18.4,9.5
yaku,2021,3,16,0,0,2.4,17.3,24.1,9.7
yaku,2021,3,17,20.5,0,2.9,18.1,19.6,16.2
yaku,2021,3,18,7,0,2.6,17.1,20.3,15.4
yaku,2021,3,19,10,0,2.2,17.4,18.9,16.3
yaku,2021,3,20,61,0,4.8,19.2,20.8,17.7
yaku,2021,3,21,5,0,8,16.3,19.6,13.1
yaku,2021,3,22,0,0,10.4,12.6,15.4,11.3
yaku,2021,3,23,0,1,4.8,12.9,17.3,8.7
yaku,2021,3,24,4.5,0,2.7,14.6,19.2,8.3
yaku,2021,3,25,3.5,0,3.9,16,20.5,12.5
yaku,2021,3,26,0,0,2.9,16.8,21.8,10.8
yaku,2021,3,27,0,0,6.6,19,22.3,14.3
yaku,2021,3,28,162,0,6.8,18.9,21.1,16.6
yaku,2021,3,29,0,0,4.1,17,21.5,12
yaku,2021,3,30,0,0,2.7,16.1,19.4,12.7
yaku,2021,3,31,0,0,2,18,22,11.6
yaku,2021,4,1,0,0,4.6,19.9,22,18.7
yaku,2021,4,2,4.5,0,7.3,19.4,21,17.9
yaku,2021,4,3,4,0,5.1,19.6,20.9,18.6
yaku,2021,4,4,5,0,6.2,19.4,23,17.3
yaku,2021,4,5,0,0,7.4,16.9,19.8,15.4
yaku,2021,4,6,0,0,7,16.8,18.8,14.1
yaku,2021,4,7,0,0,4.5,17.2,21.2,13.5
yaku,2021,4,8,0,0,3.3,17.3,21,13.6
yaku,2021,4,9,1,0,5,17,19.2,14.2
yaku,2021,4,10,5,0,5.6,16.1,17.6,13.4
yaku,2021,4,11,5,0,6.5,17.6,21.2,11.5
yaku,2021,4,12,1.5,0,6.7,20.3,23.4,17.4
yaku,2021,4,13,45.5,0,8.7,19.7,22,17.9
yaku,2021,4,14,0,0,9.7,16.6,18.5,15
yaku,2021,4,15,0,0,6.2,17.2,18.7,14.7
yaku,2021,4,16,9.5,0,4.5,19.3,22.7,16.9
yaku,2021,4,17,76,0,6.6,18.5,22.1,16.1
yaku,2021,4,18,0,0,10.4,15.4,18.7,13.2
yaku,2021,4,19,0,0,4.6,16.1,20.1,12.7
yaku,2021,4,20,0,1,4,17.2,21.9,12.6
yaku,2021,4,21,0,0,3.2,19.2,24.2,12.6
yaku,2021,4,22,0,0,3.7,20.8,25,16.5
yaku,2021,4,23,0,1,6.4,21.2,23.4,18.6
yaku,2021,4,24,0,0,7.9,20.8,23.1,19
yaku,2021,4,25,0,0,4.2,20.7,24,16.5
yaku,2021,4,26,0,0,5.6,18.9,22.1,14.9
yaku,2021,4,27,12.5,0,3.9,18.7,23.8,14.8
yaku,2021,4,28,0.5,0,2.6,20.1,24,16.3
yaku,2021,4,29,39,0,5.3,17.2,19.6,12.9
yaku,2021,4,30,0,0,3.5,20,26.2,12.1
yaku,2021,5,1,3.5,0,7.9,22.4,30.2,16.8
yaku,2021,5,2,2,0,8.3,17.1,21.1,14.2
yaku,2021,5,3,0,0,3.7,17.4,22,13
yaku,2021,5,4,0,0,6.1,20.2,23.4,14.1
yaku,2021,5,5,56,0,8.2,20.8,22.5,17.9
yaku,2021,5,6,0,0,4.5,20.7,23.8,17
yaku,2021,5,7,50,0,2.8,19.7,21.6,17.7
yaku,2021,5,8,4,0,3,19.5,23,17.3
yaku,2021,5,9,0,0,3,21.2,26.4,16.5
yaku,2021,5,10,0,0,2.5,21.1,26.2,15.3
yaku,2021,5,11,39,0,2.7,22.2,26.2,19.7
yaku,2021,5,12,86.5,0,3.1,22.5,26.4,20.6
yaku,2021,5,13,1,0,1.8,22,22.7,21.6
yaku,2021,5,14,52,0,1.8,22.3,23.3,21.7
yaku,2021,5,15,0,0,1.5,23.4,26.4,20.7
yaku,2021,5,16,0,0,2.8,26.2,30.4,21.3
yaku,2021,5,17,3.5,0,3.2,25.3,28.8,22.9
yaku,2021,5,18,5,0,2.4,22.2,23.5,20.8
yaku,2021,5,19,31,0,2.8,21.7,24.6,20.2
yaku,2021,5,20,55,0,5.6,25.8,29.8,22.1
yaku,2021,5,21,64.5,0,6.1,20,25.3,17.1
yaku,2021,5,22,7.5,0,3.5,17.7,20,15.7
yaku,2021,5,23,0,0,3,20.4,24.4,14.5
yaku,2021,5,24,57,0,5.3,22.2,24.6,20.2
yaku,2021,5,25,0,0,4,21.5,26,16.4
yaku,2021,5,26,6,0,4,21.1,26.5,16.8
yaku,2021,5,27,51,0,5.8,22.7,27.2,19.2
yaku,2021,5,28,9,0,1.9,19.8,22.4,17.8
yaku,2021,5,29,0,0,4,20.6,24.1,17.5
yaku,2021,5,30,0,0,2.7,21.6,25.1,18
yaku,2021,5,31,0,0,2.7,22.6,27,18.2
yaku,2021,6,1,0,0,3,23.1,27.5,19.6
yaku,2021,6,2,0,0,2.9,22.7,26.8,18.7
yaku,2021,6,3,79,0,4.8,23.8,26,21.3
yaku,2021,6,4,14.5,0,5.8,23.5,25.8,20.9
yaku,2021,6,5,95,0,4.1,19,21.4,17.4
yaku,2021,6,6,26.5,0,2.1,21.4,23.5,19.2
yaku,2021,6,7,0,0,2.6,23.6,26.6,20.6
yaku,2021,6,8,0,0,2.4,23.6,26.5,20.6
yaku,2021,6,9,0,0,2.6,24.5,28.3,21.2
yaku,2021,6,10,0,0,3.6,24.4,27.3,21.8
yaku,2021,6,11,0.5,0,5.8,25,25.9,23.9
yaku,2021,6,12,192.5,0,3.2,24,25.6,22.8
yaku,2021,6,13,5,0,1.8,24.1,26.8,22.3
yaku,2021,6,14,0,0,2.5,24.4,27,22.6
yaku,2021,6,15,27.5,0,4.5,24.5,26.7,23.2
yaku,2021,6,16,118,0,4.5,23.7,25.1,22.9
yaku,2021,6,17,5.5,0,2.8,23.9,26.8,22.5
yaku,2021,6,18,18,0,3.7,24.4,26.8,22.4
yaku,2021,6,19,4,0,4.4,24.6,27.6,23
yaku,2021,6,20,1,0,3.3,24.5,27,21.2
yaku,2021,6,21,0,0,2.5,22.9,26,20.7
yaku,2021,6,22,0,0,3.2,24.1,27.5,20
yaku,2021,6,23,0,0,2.6,25,28.5,21.7
yaku,2021,6,24,0,0,2.4,24.2,27.9,20.7
yaku,2021,6,25,0,0,3,24.3,28.1,21.1
yaku,2021,6,26,15.5,0,5.1,23.4,25.8,21.2
yaku,2021,6,27,56,0,2.7,23.2,24.3,22
yaku,2021,6,28,48.5,0,3.3,24.2,25.4,22.9
yaku,2021,6,29,0,0,3.1,25.5,28,23.7
yaku,2021,6,30,56,0,3.1,25.5,28.1,23.8
yaku,2021,7,1,120,0,2.3,25.5,29.7,23.9
yaku,2021,7,2,48,0,2.2,26,29.3,24.3
yaku,2021,7,3,6.5,0,2.2,26.5,29.7,23.5
yaku,2021,7,4,0,0,2.7,27.8,31.7,23.6
yaku,2021,7,5,0,0,3,27.2,31.2,23.2
yaku,2021,7,6,0,0,2.2,26.9,31,22.6
yaku,2021,7,7,0,0,1.7,27.6,31.3,23.7
yaku,2021,7,8,0,0,1.8,28.3,32.6,24.2
yaku,2021,7,9,0,0,2.3,28.4,32,25.1
yaku,2021,7,10,0,0,2.3,28.2,31.9,25
yaku,2021,7,11,0,0,2.1,27.8,30.8,24.8
yaku,2021,7,12,6,0,2.2,26.6,31,23.4
yaku,2021,7,13,1,0,1.7,26.2,29.6,22.7
yaku,2021,7,14,0,0,2.4,27.3,30.9,23.6
yaku,2021,7,15,1,0,2.8,26.9,30.7,24
yaku,2021,7,16,12,0,4.3,25.6,29,23.2
yaku,2021,7,17,41.5,0,3.2,23.9,26.1,21.7
yaku,2021,7,18,136.5,0,3.7,25.8,29.9,23.9
yaku,2021,7,19,1.5,0,5,27.8,30.3,24.2
yaku,2021,7,20,0,0,7.3,27.9,30.1,26.7
yaku,2021,7,21,2.5,0,8,27.2,29.2,25.6
yaku,2021,7,22,2,0,7.9,27.3,28.7,26
yaku,2021,7,23,0.5,0,8.2,27.4,28.8,26.5
yaku,2021,7,24,0.5,0,8.1,27.2,28.7,26.5
yaku,2021,7,25,0,0,7.3,27.1,28.2,26.2
yaku,2021,7,26,0,0,4.4,26.9,29.8,25.9
yaku,2021,7,27,0,0,3.4,26.6,29.6,23.9
yaku,2021,7,28,0,0,3,26.1,29.6,22.2
yaku,2021,7,29,0,0,1.9,27,30.8,24.2
yaku,2021,7,30,0,0,2.3,27.1,31.3,23.2
yaku,2021,7,31,0,0,2,27.6,31.6,24.1
yaku,2021,8,1,0,1,3.4,27.8,31.4,25
yaku,2021,8,2,0,0,4.7,28.1,30.7,25.7
yaku,2021,8,3,13,0,4.1,28.1,31.5,25.1
yaku,2021,8,4,17.5,0,4.4,27.6,30.8,24.7
yaku,2021,8,5,5.5,0,3.8,27.2,30.5,24.7
yaku,2021,8,6,6,0,6.4,27.2,29.1,25.3
yaku,2021,8,7,1,0,2.2,26.8,29.4,25
yaku,2021,8,8,70,0,6.7,27,29.2,25.7
yaku,2021,8,9,0.5,0,3.8,28.1,33.4,23.8
yaku,2021,8,10,0,0,2.1,26.6,30.2,22.3
yaku,2021,8,11,60.5,0,2.3,25.8,29.9,24.1
yaku,2021,8,12,34.5,0,6.5,27.1,30.2,25.1
yaku,2021,8,13,10.5,0,5.4,27.5,30.7,24.7
yaku,2021,8,14,0,0,4.8,29.3,34,25.9
yaku,2021,8,15,8,0,2.4,26.5,28.7,24.7
yaku,2021,8,16,0,0,2.3,27.1,30.3,23.9
yaku,2021,8,17,17,0,4.5,25.6,27.1,23.9
yaku,2021,8,18,74,0,4.2,25.4,28,23.2
yaku,2021,8,19,9,0,2.1,24.8,27,23
yaku,2021,8,20,39,0,3.5,25.8,30.4,24.1
yaku,2021,8,21,15,0,4.2,26.4,31,23.6
yaku,2021,8,22,47.5,0,4.2,26.9,30.3,25.1
yaku,2021,8,23,1.5,0,4.2,27.2,30.8,24.3
yaku,2021,8,24,0,0,4.2,28.1,31.9,24.6
yaku,2021,8,25,0,1,2.2,27.3,31.5,23.7
yaku,2021,8,26,0,0,1.8,26.9,31,23.2
yaku,2021,8,27,0,0,2.3,26.6,30.8,23.1
yaku,2021,8,28,0,0,2.6,26.2,30.5,22.3
yaku,2021,8,29,0,1,2.7,26,30.8,21.7
yaku,2021,8,30,0,0,2.9,26.6,30.2,22.1
yaku,2021,8,31,0,0,2.6,26.5,30.5,22.1
yaku,2021,9,1,0,0,2.5,26,30.5,21.4
yaku,2021,9,2,0,1,2.2,26.4,30.5,22.9
yaku,2021,9,3,0,0,2,27.1,30.7,23.3
yaku,2021,9,4,0,0,2.3,27.7,32.5,23.6
yaku,2021,9,5,8.5,0,2,26.5,30.5,24.7
yaku,2021,9,6,14,0,2,25.4,29.5,23.8
yaku,2021,9,7,0,0,2.3,26.6,30.3,23.8
yaku,2021,9,8,2.5,0,2,26,28.2,23.5
yaku,2021,9,9,0,0,3.4,26.4,29.4,23.7
yaku,2021,9,10,2.5,0,2.5,26,29.7,22.8
yaku,2021,9,11,58.5,0,2.7,25.4,29.5,23.5
yaku,2021,9,12,80.5,0,2.8,25.1,28,23.2
yaku,2021,9,13,58,0,5.1,26.4,28.3,24.2
yaku,2021,9,14,81.5,0,3.7,26.6,28.8,24.8
yaku,2021,9,15,1.5,0,2.6,27.1,31.1,23.9
yaku,2021,9,16,16,0,3.5,27.1,30.4,24.1
yaku,2021,9,17,0.5,0,3,27.3,30.2,24.7
yaku,2021,9,18,9,0,4.6,26.5,30.3,24
yaku,2021,9,19,0,0,3,25.1,28.2,22.5
yaku,2021,9,20,0,0,3.3,26.1,29.7,22.7
yaku,2021,9,21,1.5,0,2,25.9,29.2,23.5
yaku,2021,9,22,4.5,0,2.9,24.7,28.5,20.1
yaku,2021,9,23,0,1,4.6,26,30.3,20.4
yaku,2021,9,24,0,1,5.4,25.9,29.1,23.5
yaku,2021,9,25,0,0,5.2,26.6,29.8,24.7
yaku,2021,9,26,1.5,0,5.3,26.2,28.5,24.2
yaku,2021,9,27,4.5,0,7,25.9,28,23.7
yaku,2021,9,28,9,0,4.8,26.5,29.8,23.9
yaku,2021,9,29,0,0,4.5,27,29.7,24.6
yaku,2021,9,30,0,0,5.5,26.2,28.6,23.1
yaku,2021,10,1,0,0,5.6,26.4,29.6,23.1
yaku,2021,10,2,0,0,3,25.5,29.2,22.3
yaku,2021,10,3,0,0,2.5,25,29.3,20
yaku,2021,10,4,0,0,5.4,26.5,28.8,24.4
yaku,2021,10,5,0,1,4.1,25.8,29,21.6
yaku,2021,10,6,0,0,2.8,24.5,28.1,20
yaku,2021,10,7,0,0,2.9,25,28.9,20.2
yaku,2021,10,8,0,0,3.8,26.3,29.3,22.7
yaku,2021,10,9,37,0,5.1,25.2,28.9,22.1
yaku,2021,10,10,1.5,0,5.3,26.8,29.7,25.1
yaku,2021,10,11,0,0,3.8,27.1,29.8,25.2
yaku,2021,10,12,0,0,4,27,29.8,25.3
yaku,2021,10,13,0,0,2.4,26.4,29.6,23.9
yaku,2021,10,14,2.5,0,2.9,25.9,29,24
yaku,2021,10,15,0,0,2.5,25.2,29.3,22.7
yaku,2021,10,16,1.5,0,2.8,24.6,28.8,21.2
yaku,2021,10,17,2.5,0,7.6,20.8,23.6,18.8
yaku,2021,10,18,0.5,0,7.1,21.3,23.1,18.3
yaku,2021,10,19,12,0,3.6,19.3,23.2,16.9
yaku,2021,10,20,0,0,5.8,19.3,22,16.4
yaku,2021,10,21,29.5,0,2.8,17.2,19,16.1
yaku,2021,10,22,7,0,7.8,19.4,22.3,16.1
yaku,2021,10,23,0,1,9,19.7,21.3,17.4
yaku,2021,10,24,0,0,6.9,21,22.6,19.5
yaku,2021,10,25,20.5,0,7.1,18.9,22.6,16
yaku,2021,10,26,0,1,3.9,18.3,22.6,14.2
yaku,2021,10,27,0,1,5,18.9,23.3,13.6
yaku,2021,10,28,0,1,4,19.1,23.3,14.9
yaku,2021,10,29,0,0,5.9,20.4,23.4,16
yaku,2021,10,30,100,0,3.9,19.4,25.4,15.5
yaku,2021,10,31,0,0,7.5,21.1,23,16.4
yaku,2021,11,1,0,0,5.9,21.7,23,20.4
yaku,2021,11,2,0,1,6.5,20.3,22.5,18
yaku,2021,11,3,0,0,4.7,19.3,22.5,17.6
yaku,2021,11,4,0,0,6,19.7,22.3,17.4
yaku,2021,11,5,0,0,4.5,19.8,23,16.5
yaku,2021,11,6,59,0,7.5,18.7,20.9,16.9
yaku,2021,11,7,2.5,0,6.4,20.8,22.4,18.1
yaku,2021,11,8,8,0,4,19.5,23.6,16.3
yaku,2021,11,9,4,0,5.6,15.9,18.4,14.2
yaku,2021,11,10,1.5,0,3.6,15.9,20.1,12.4
yaku,2021,11,11,2,0,4,16.5,19.8,13.1
yaku,2021,11,12,8.5,0,4.6,15.7,18.8,11.9
yaku,2021,11,13,3,0,2.9,14.9,18.7,11.9
yaku,2021,11,14,0,0,4,16,18.9,14
yaku,2021,11,15,0,0,4.5,16.7,20.2,13.2
yaku,2021,11,16,0,0,4.2,16.9,20.7,12.4
yaku,2021,11,17,0,0,2.2,17.9,21.8,14.8
yaku,2021,11,18,6.5,0,3.5,15.4,18.3,13.6
yaku,2021,11,19,1.5,0,4.5,18.3,19.9,15.1
yaku,2021,11,20,0,0,6.7,19.8,21.4,17.2
yaku,2021,11,21,44.5,0,3.7,19.8,21.5,17.2
yaku,2021,11,22,63,0,8.8,17.6,21.4,14.2
yaku,2021,11,23,2.5,0,6.8,14.1,16.8,12.6
yaku,2021,11,24,0.5,0,4.7,13.9,17.2,10.2
yaku,2021,11,25,0,0,3.8,15.8,20.3,11.3
yaku,2021,11,26,0,0,5.1,16,19.3,12.7
yaku,2021,11,27,0,1,6.3,14.4,17.5,10.2
yaku,2021,11,28,0,0,5.8,16,18.7,14
yaku,2021,11,29,0,0,4.2,16.8,20.6,13.5
yaku,2021,11,30,36,0,7.3,18.8,23.1,14.8
yaku,2021,12,1,0,0,11.7,13.8,16.8,12.1
yaku,2021,12,2,0,0,6.4,11.4,13.3,10
yaku,2021,12,3,10.5,0,4.6,13,17.3,8.6
yaku,2021,12,4,9,0,9.3,12.2,13.6,10
yaku,2021,12,5,0,0,3.6,11.7,15.7,9.3
yaku,2021,12,6,0,0,3.7,13.9,18.8,9.3
yaku,2021,12,7,0,1,6.6,16,19.2,12.5
yaku,2021,12,8,0,1,4.6,14.8,18.5,11.1
yaku,2021,12,9,0,0,5.9,16.8,19.5,14.4
yaku,2021,12,10,0,0,2.6,16.3,19.8,13.4
yaku,2021,12,11,0,0,2.8,16.2,20.8,12.8
yaku,2021,12,12,0,0,6,16.8,21.5,12.1
yaku,2021,12,13,0,0,9.1,13.5,16.4,11.5
yaku,2021,12,14,0,0,4.1,13.8,16.7,10.9
yaku,2021,12,15,0.5,0,2.4,14.1,16.8,9.8
yaku,2021,12,16,36,0,4.9,17.9,20.7,15
yaku,2021,12,17,7.5,0,11.2,13.7,19.5,7.9
yaku,2021,12,18,6.5,0,8,8.7,10.7,7.1
yaku,2021,12,19,19,0,4.4,10.7,14.2,7.1
yaku,2021,12,20,0,0,3,12.6,15.3,10.1
yaku,2021,12,21,0,0,2.3,15.4,18.5,10.4
yaku,2021,12,22,0,0,3.8,15.4,17.7,11.2
yaku,2021,12,23,0,0,3.5,15.2,19.7,10.7
yaku,2021,12,24,15,0,3.5,16.9,18.6,14.2
yaku,2021,12,25,0,0,12,12.5,15.4,8.3
yaku,2021,12,26,1,0,11.6,7.9,9,6.7
yaku,2021,12,27,1,0,8.7,7.9,10.2,5.3
yaku,2021,12,28,0,0,4.7,9.7,13.9,7.1
yaku,2021,12,29,9,0,3.1,12.7,15.8,8.9
yaku,2021,12,30,1.5,0,9.2,12.3,14.6,8.9
yaku,2021,12,31,0.5,0,10.6,10.5,12.7,8.5
yaku,2022,1,1,0,0,5.6,10.1,13.1,8.2
yaku,2022,1,2,0,0,3.9,12.1,13.9,8.7
yaku,2022,1,3,0,1,5.1,12.7,15.6,10.5
yaku,2022,1,4,0,1,6.2,12.8,15.2,10.8
yaku,2022,1,5,1.5,0,3.3,12.7,15,10.2
yaku,2022,1,6,49.5,0,7.6,13.4,15.2,10.9
yaku,2022,1,7,0,0,4.3,12.4,15.2,8.4
yaku,2022,1,8,3.5,0,3.2,12.8,15.2,10.7
yaku,2022,1,9,0,0,5.6,13.3,16.5,11.4
yaku,2022,1,10,0,1,4.5,12.6,15.5,8.8
yaku,2022,1,11,8.5,0,8.5,10.4,13.3,7.4
yaku,2022,1,12,0.5,0,9,8.6,10.5,6.4
yaku,2022,1,13,11.5,0,8,10.1,14.4,8
yaku,2022,1,14,0,0,8.5,9.1,12.3,7.2
yaku,2022,1,15,0,0,3.2,10.5,13.5,7.2
yaku,2022,1,16,0,0,4.6,13.3,17,10.7
yaku,2022,1,17,0,0,8.8,11.3,13.4,10.7
yaku,2022,1,18,0,1,8.4,10.9,13.6,8.2
yaku,2022,1,19,0,1,5.7,9.9,13.1,7.2
yaku,2022,1,20,0,0,7.3,10.6,12.4,8
yaku,2022,1,21,0,0,5.9,10.8,12.8,7
yaku,2022,1,22,1.5,0,4.8,13.5,15.7,10.7
yaku,2022,1,23,15.5,0,6.5,16.4,17.8,14.4
yaku,2022,1,24,7,0,8,14.8,17.5,13
yaku,2022,1,25,6,0,7.1,12.8,15.2,11.7
yaku,2022,1,26,0,0,5.2,13.6,18,11.9
yaku,2022,1,27,2.5,0,4.6,12.5,14.5,11.2
yaku,2022,1,28,0,0,4.8,13.3,15.3,11.9
yaku,2022,1,29,2,0,4.8,11.7,13.3,10.7
yaku,2022,1,30,4.5,0,5.5,11.6,13.7,9
yaku,2022,1,31,0,0,7.2,10.9,13.3,9.6
yaku,2022,2,1,0.5,0,6.6,12.4,16.7,9.2
yaku,2022,2,2,2,0,5.7,9.7,12.3,7.7
yaku,2022,2,3,11.5,0,5.9,8.3,9.5,6.7
yaku,2022,2,4,0,0,7.4,10,12.5,8.2
yaku,2022,2,5,2,0,9.6,9.4,12.5,6.8
yaku,2022,2,6,0,0,9.6,8.3,9.6,6.7
yaku,2022,2,7,6.5,0,3.3,9,12.2,6.5
yaku,2022,2,8,41.5,0,5.4,11.1,13,8.5
yaku,2022,2,9,3,0,3.3,11.6,13,10.6
yaku,2022,2,10,8.5,0,5.3,11.6,13.7,10.7
yaku,2022,2,11,0,1,5.1,11.5,14.4,8.5
yaku,2022,2,12,4,0,2.9,12.3,14.7,9.8
yaku,2022,2,13,36,0,6,15.4,18.6,13
yaku,2022,2,14,15.5,0,4.1,11.8,13.7,9.5
yaku,2022,2,15,0,0,6.3,12.4,17.3,8.8
yaku,2022,2,16,0.5,0,8.6,9.7,11.6,7.8
yaku,2022,2,17,0,0,9.6,8.3,10.5,6.4
yaku,2022,2,18,8,0,7.2,10.1,12.5,6.5
yaku,2022,2,19,23,0,7.6,13.6,17.2,11.5
yaku,2022,2,20,0,0,12,9,12.4,6.8
yaku,2022,2,21,0,0,8.9,8,10.8,6.2
yaku,2022,2,22,0,0,7.7,9.1,9.9,7.9
yaku,2022,2,23,7,0,6.3,7.6,9.3,6.5
yaku,2022,2,24,0,0,7.6,8.7,12.2,7
yaku,2022,2,25,0,0,6.1,10.5,14.4,7.8
yaku,2022,2,26,0,0,3.1,11.5,14.8,8
yaku,2022,2,27,0,0,6.4,13.2,17.2,9.4
yaku,2022,2,28,0,0,2.9,12.5,17.7,7.5
yaku,2022,3,1,6,0,5.3,16,21.7,8.7
yaku,2022,3,2,0.5,0,6.6,14.2,16.6,11.7
yaku,2022,3,3,0,0,7.2,12.3,15.8,10.1
yaku,2022,3,4,1,0,3.5,12.6,17,9.7
yaku,2022,3,5,0,1,5.1,14.5,20,8.9
yaku,2022,3,6,0,1,9.1,11.6,14.3,9.6
yaku,2022,3,7,10,0,4.6,10.2,12.7,8.2
yaku,2022,3,8,0,0,4.3,11.9,15.5,8.1
yaku,2022,3,9,0,1,4.6,13,17.6,7.8
yaku,2022,3,10,0,0,2.8,14.2,19.3,8.4
yaku,2022,3,11,0,0,3.2,15.5,20,12
yaku,2022,3,12,0,0,2.7,16.4,21.7,10.5
yaku,2022,3,13,0,0,3.4,19.1,23.4,14.3
yaku,2022,3,14,0,0,2.3,19,23.3,16.2
yaku,2022,3,15,5.5,0,3.5,18,23,11.1
yaku,2022,3,16,0,0,2.8,17.3,23.5,10.7
yaku,2022,3,17,0,0,3.4,19.1,22.6,14.5
yaku,2022,3,18,75.5,0,9.5,19.4,23.5,16.1
yaku,2022,3,19,0,0,8,16.3,20.2,13.8
yaku,2022,3,20,0,1,5.4,14.7,17.5,12.9
yaku,2022,3,21,39.5,0,4.5,14.6,16.8,12.3
yaku,2022,3,22,86.5,0,9.6,15.6,19.6,13.4
yaku,2022,3,23,32,0,5.9,14.4,16.1,12.4
yaku,2022,3,24,0,0,3.7,14.5,18.9,11.4
yaku,2022,3,25,0.5,0,6.9,17.7,20.8,12.7
yaku,2022,3,26,155.5,0,8.3,19.6,25.6,16.9
yaku,2022,3,27,0,1,7.6,18.2,21.2,16.5
yaku,2022,3,28,0,0,5.8,16.9,19.7,13.9
yaku,2022,3,29,25,0,3,15.7,17.6,13.7
yaku,2022,3,30,4,0,3.6,19.3,22.8,16.8
yaku,2022,3,31,19,0,3.8,18.9,22.5,14.9
yaku,2022,4,1,3.5,0,7.3,15.3,17.4,13
yaku,2022,4,2,0,0,7.9,15.2,16.8,14.3
yaku,2022,4,3,0,0,5.3,14.7,15.7,13
yaku,2022,4,4,0,1,4,15.6,19.9,10.5
yaku,2022,4,5,0,0,3.2,14.9,19.6,9.5
yaku,2022,4,6,0,1,3.9,16.8,20.9,13.1
yaku,2022,4,7,0,1,4.2,17.7,21.5,12
yaku,2022,4,8,0,0,3.9,17.5,21.1,14.4
yaku,2022,4,9,0,0,2.9,17.9,23.2,12.6
yaku,2022,4,10,0,0,4,19.5,23.7,13.8
yaku,2022,4,11,58,0,5.7,20.6,22.6,19.6
yaku,2022,4,12,22.5,0,2.8,21.6,24.9,19.4
yaku,2022,4,13,2,0,3.6,21.9,25.2,19.9
yaku,2022,4,14,78.5,0,4,21.7,24.8,20
yaku,2022,4,15,3.5,0,6.9,20.4,23.9,17.7
yaku,2022,4,16,0,0,6.1,17.1,20.4,13.5
yaku,2022,4,17,0,0,3.3,17.6,21.9,13.2
yaku,2022,4,18,0,0,2.6,18.2,23,12.9
yaku,2022,4,19,2.5,0,2.8,16.6,18.5,15.2
yaku,2022,4,20,0,0,2.8,18.9,22.9,15.3
yaku,2022,4,21,90,0,3.5,18.5,24.8,15.4
yaku,2022,4,22,0,0,3.1,19.7,23.3,16.5
yaku,2022,4,23,71.5,0,3.2,20.2,23.5,17.2
yaku,2022,4,24,37,0,3.5,21,24.1,19.2
yaku,2022,4,25,6.5,0,2.4,21.6,24.3,18.5
yaku,2022,4,26,14,0,5.3,24.6,28.3,22.1
yaku,2022,4,27,47.5,0,2.3,21.7,23.5,20.8
yaku,2022,4,28,2.5,0,2.1,21.1,22,20.1
yaku,2022,4,29,31,0,6.3,20.7,26.2,15
yaku,2022,4,30,0,0,3.8,17.7,20.1,14.9
yaku,2022,5,1,0.5,0,7,17.7,21.2,15.6
yaku,2022,5,2,0,0,5.8,17.4,20.5,14.8
yaku,2022,5,3,0,0,3,17.9,22.2,12.9
yaku,2022,5,4,0,0,3,18.6,23.2,11.7
yaku,2022,5,5,9.5,0,4.6,20.8,23.2,18.2
yaku,2022,5,6,8.5,0,3.6,21,23.6,19.9
yaku,2022,5,7,1,0,2.8,21.4,24.7,18.8
yaku,2022,5,8,2,0,2.3,21.6,24.2,19
yaku,2022,5,9,3.5,0,4.2,21.8,25,18.9
yaku,2022,5,10,15.5,0,4.4,21.2,22.3,19.8
yaku,2022,5,11,32,0,2.5,21.6,22.6,20.7
yaku,2022,5,12,48,0,3.4,22.4,25.3,20.3
yaku,2022,5,13,62.5,0,3.3,22.5,23.5,21.1
yaku,2022,5,14,1.5,0,7.1,21.5,24.4,19.6
yaku,2022,5,15,1,0,5.7,17.9,21.9,14.3
yaku,2022,5,16,12.5,0,2.8,16.1,18.5,14
yaku,2022,5,17,0,0,2.8,18.1,21.6,14.9
yaku,2022,5,18,0,0,3.6,20,24.2,16.1
yaku,2022,5,19,0,0,2.1,20.4,24.6,15.8
yaku,2022,5,20,47,0,4.5,19.8,23.5,16.2
yaku,2022,5,21,65,0,5.3,19.3,21.3,17.3
yaku,2022,5,22,0,0,4,22.2,26.8,17.8
yaku,2022,5,23,0,0,3.7,22.8,25.7,20.4
yaku,2022,5,24,1,0,3.7,21.3,24.1,19
yaku,2022,5,25,5,0,5.5,21.6,23.6,19.1
yaku,2022,5,26,31.5,0,3.9,22.9,26.3,20.8
yaku,2022,5,27,0,0,5.3,22.3,27,16.4
yaku,2022,5,28,0,0,3.1,21.3,24.3,15.5
yaku,2022,5,29,20,0,3.9,20.3,21.7,18.7
yaku,2022,5,30,44.5,0,2.5,23.5,25.4,20.7
yaku,2022,5,31,0,0,4.6,22.4,25.3,18.3
yaku,2022,6,1,27,0,2.2,19.9,23.2,18.1
yaku,2022,6,2,0,0,2.5,22.1,25.5,19.4
yaku,2022,6,3,0,0,2.3,22,26.7,18
yaku,2022,6,4,0,1,3.2,22.3,26.6,16.9
yaku,2022,6,5,118.5,0,4.8,22.1,25.2,19.7
yaku,2022,6,6,21,0,7.3,23.9,27.7,21.8
yaku,2022,6,7,0,1,4.2,23.2,26.5,21
yaku,2022,6,8,1,0,3.2,22.8,26.5,19.1
yaku,2022,6,9,0,0,2.6,22.9,25.8,19.7
yaku,2022,6,10,8.5,0,3.4,22.8,25.5,19.9
yaku,2022,6,11,222,0,5.5,21.4,23,19.9
yaku,2022,6,12,58,0,3.6,22.6,25.3,20.5
yaku,2022,6,13,194.5,0,4.6,22.1,23.5,20.8
yaku,2022,6,14,50,0,2.5,24.1,26.1,22.2
yaku,2022,6,15,14.5,0,3.4,23.9,26.8,22.2
yaku,2022,6,16,2,0,1.9,23.7,26.6,21.9
yaku,2022,6,17,51,0,2.1,23.3,25.7,21.5
yaku,2022,6,18,63.5,0,3.2,23.2,25.2,21.6
yaku,2022,6,19,109.5,0,2.4,22.4,24.8,21.5
yaku,2022,6,20,37,0,3,24.2,27.3,22.2
yaku,2022,6,21,132.5,0,2.8,24.3,26.6,22.2
yaku,2022,6,22,0,0,2.1,25.8,29.6,23.1
yaku,2022,6,23,0,0,1.8,26.5,30.5,23
yaku,2022,6,24,0,0,2.4,28.2,34,22.4
yaku,2022,6,25,2.5,0,2.9,25.1,28.3,21.8
yaku,2022,6,26,0,0,3.4,26.7,31,21.4
yaku,2022,6,27,0,0,4.7,27.6,29.9,25.1
yaku,2022,6,28,0,0,5.2,27.8,30.4,26.2
yaku,2022,6,29,8.5,0,4.5,27.2,30.4,25.5
yaku,2022,6,30,0,0,3.3,27.3,30.1,25.1
yaku,2022,7,1,0,0,3,27.4,31,25
yaku,2022,7,2,2,0,4.4,27.1,28.9,25.3
yaku,2022,7,3,153.5,0,5.7,25.3,27.3,23
yaku,2022,7,4,62,0,7.7,26.5,27.9,24.7
yaku,2022,7,5,23.5,0,2.6,26.1,29.1,24.7
yaku,2022,7,6,0,0,2.2,27,31.7,23.9
yaku,2022,7,7,12,0,2.1,27.2,31.9,24.8
yaku,2022,7,8,0,0,2,27.4,31.1,23.8
yaku,2022,7,9,14.5,0,2.9,26.6,30.3,24.8
yaku,2022,7,10,0,0,3.4,26.6,29.4,23.4
yaku,2022,7,11,0,0,2.1,26.9,30.2,23.2
yaku,2022,7,12,0,0,2,28.1,31.9,24.8
yaku,2022,7,13,0,0,2.6,28.4,32.2,25.5
yaku,2022,7,14,0,0,2.4,28.2,32.5,25
yaku,2022,7,15,0,0,2,28.4,32.2,24.9
yaku,2022,7,16,68.5,0,2.1,26.9,30.2,24.8
yaku,2022,7,17,0,0,2.6,26.5,31.1,23.3
yaku,2022,7,18,32,0,2.7,26.9,31.8,23.5
yaku,2022,7,19,29.5,0,2.2,27,30.5,25.2
yaku,2022,7,20,0,0,2.2,28.6,32.1,25.1
yaku,2022,7,21,0,1,1.7,29,32.7,26.1
yaku,2022,7,22,1.5,0,5.2,27.5,30.2,24.7
yaku,2022,7,23,0,1,4,26.8,30,22.8
yaku,2022,7,24,0,1,2.9,26.9,30.5,22.2
yaku,2022,7,25,0,0,2.6,28.4,31.3,25.5
yaku,2022,7,26,0,0,2,28.3,31.8,25
yaku,2022,7,27,0.5,0,3.7,28.1,31.1,25.8
yaku,2022,7,28,6,0,4.3,28.5,31.4,25.7
yaku,2022,7,29,64,0,4.7,27.1,30.6,25.2
yaku,2022,7,30,36.5,0,7.9,27.4,30.1,25.3
yaku,2022,7,31,12,0,8.4,28,30.5,24.2
yaku,2022,8,1,0.5,0,6.7,28.6,30.8,27.5
yaku,2022,8,2,0,0,4.2,28.5,31.3,26.8
yaku,2022,8,3,4,0,2.9,27.9,31.6,24.6
yaku,2022,8,4,0,0,1.7,27.8,31.1,24.9
yaku,2022,8,5,0,0,3.6,28.6,32.3,25
yaku,2022,8,6,0,0,2.2,28.4,33,24.7
yaku,2022,8,7,17.5,0,2.1,28.4,32.1,25.6
yaku,2022,8,8,0,1,1.8,28,31.7,25.1
yaku,2022,8,9,0,1,2.4,28.2,32.1,24.9
yaku,2022,8,10,0,0,2.1,28.4,32,25.2
yaku,2022,8,11,0,0,2.4,28.2,32.4,25.1
yaku,2022,8,12,0,1,2.9,28.4,33.1,24.2
yaku,2022,8,13,0,0,2.4,28.6,32.5,25.2
yaku,2022,8,14,0,0,2.2,28.7,33.5,24.7
yaku,2022,8,15,0,0,2.6,29,33.6,25
yaku,2022,8,16,0,0,2.4,28.9,33.4,25.1
yaku,2022,8,17,0,0,2.9,28.7,32.7,24.7
yaku,2022,8,18,42,0,2.1,27.1,30.3,24.7
yaku,2022,8,19,25.5,0,1.9,26.1,28.3,24.8
yaku,2022,8,20,0,0,1.9,28.5,32.9,24.9
yaku,2022,8,21,51,0,2.1,27,30.4,24.5
yaku,2022,8,22,0,0,2.5,27.9,32.2,24.4
yaku,2022,8,23,0,0,3.3,27.7,32,23.6
yaku,2022,8,24,0,0,3,28.7,33.7,24.2
yaku,2022,8,25,0,0,2.5,28.8,33.2,26.3
yaku,2022,8,26,0,0,2.6,28.4,31.5,25.5
yaku,2022,8,27,0,0,3.4,27.5,31,24.9
yaku,2022,8,28,0,0,3.5,27.3,30.3,25.3
yaku,2022,8,29,49,0,2.4,26.5,28.3,25.3
yaku,2022,8,30,0,0,2.9,28.5,31.4,25.4
yaku,2022,8,31,3,0,2.2,28.5,31.8,26.1
yaku,2022,9,1,6,0,4.1,28.8,31.9,26.7
yaku,2022,9,2,25.5,0,5,28,31.2,25.7
yaku,2022,9,3,1.5,0,4.3,27.9,30.8,25
yaku,2022,9,4,0,0,6.7,29,30.8,27.3
yaku,2022,9,5,16,0,9.5,28.6,29.1,25.7
yaku,2022,9,6,7,0,6.4,27.4,30.7,25
yaku,2022,9,7,0,0,4.5,26.5,29.5,23.9
yaku,2022,9,8,0,0,2.7,27,30.1,25.1
yaku,2022,9,9,0,0,2.5,27.2,30.7,24.4
yaku,2022,9,10,0,0,1.9,27.2,30.8,24.6
yaku,2022,9,11,10,0,2.2,27.6,31.9,25
yaku,2022,9,12,10,0,4.1,26.8,30.2,25.1
yaku,2022,9,13,3,0,4.9,28.4,30.9,26.3
yaku,2022,9,14,1.5,0,5.1,28.2,30.9,25.3
yaku,2022,9,15,1.5,0,3.8,28.1,31,26.4
yaku,2022,9,16,14.5,0,7.2,27.1,29.2,25
yaku,2022,9,17,19.5,0,10.8,27.7,28.7,26.7
yaku,2022,9,18,192.5,0,15.3,26.8,30.7,25.6
yaku,2022,9,19,9.5,0,4.3,26.8,30.4,24.5
yaku,2022,9,20,0,0,5.6,25.3,27.9,22.8
yaku,2022,9,21,0,0,6.6,23.7,24.7,22.1
yaku,2022,9,22,11.5,0,4.3,24.4,26.5,21.4
yaku,2022,9,23,0,0,3.1,25.7,29.1,23.9
yaku,2022,9,24,0,0,3.3,25.5,28.6,23.4
yaku,2022,9,25,0,0,2.5,25.7,28.7,23.9
yaku,2022,9,26,0,0,2.2,26.2,29.4,23
yaku,2022,9,27,0,0,2.4,25.4,29,23
yaku,2022,9,28,0,0,3.1,24.9,28,21.8
yaku,2022,9,29,0,0,3.2,24.8,28.5,22
yaku,2022,9,30,5,0,2.7,24.6,28.1,21.6
yaku,2022,10,1,0,0,2.7,24.3,28.1,20.9
yaku,2022,10,2,0,0,2.2,24.5,29.6,21.3
yaku,2022,10,3,0,0,2.8,25.5,29.5,22.4
yaku,2022,10,4,0,0,2.4,25.5,29.9,21.2
yaku,2022,10,5,0,0,4.7,25.2,29.1,22
yaku,2022,10,6,0,0,4.4,24.4,28.2,21.6
yaku,2022,10,7,13.5,0,5,21.8,25.6,20.3
yaku,2022,10,8,0,0,7.1,22.8,25.9,19.6
yaku,2022,10,9,22,0,5.9,23.4,25.4,20.8
yaku,2022,10,10,2.5,0,6.2,20.8,23.4,19
yaku,2022,10,11,0,0,5.9,20.6,24.3,17
yaku,2022,10,12,0,0,7.6,21.6,23.6,17.6
yaku,2022,10,13,0,0,8.7,23.8,24.9,22.4
yaku,2022,10,14,3,0,6.5,24.4,25,22.2
yaku,2022,10,15,0,0,4.6,25.4,26.7,24.4
yaku,2022,10,16,52,0,3.2,23.8,25.9,22.8
yaku,2022,10,17,10.5,0,4.4,22.7,26.7,18.3
yaku,2022,10,18,1,0,6.8,20.2,23,18.9
yaku,2022,10,19,0,0,5.7,19.8,22.6,15
yaku,2022,10,20,0,1,6.3,21.9,24.2,15.4
yaku,2022,10,21,0,0,5.4,24.2,27,19.9
yaku,2022,10,22,0.5,0,2.1,22.9,27.8,19.7
yaku,2022,10,23,3,0,5,22,25.7,19.7
yaku,2022,10,24,0,0,8.1,20.4,23.4,18
yaku,2022,10,25,0,1,8.7,18.9,20.7,16.7
yaku,2022,10,26,0,0,7.6,20.6,21.6,18.8
yaku,2022,10,27,0,0,4.8,22.4,24.8,20.6
yaku,2022,10,28,0,0,7.7,22.9,25.2,22.1
yaku,2022,10,29,0,0,9.5,21.9,24.5,20.7
yaku,2022,10,30,0,1,9.3,21.1,22.8,20.5
yaku,2022,10,31,0,0,7.4,21.6,24,20.4
yaku,2022,11,1,7,0,6.1,20.4,22.2,19.3
yaku,2022,11,2,19,0,4.9,20.8,22.3,19.4
yaku,2022,11,3,5.5,0,2.6,21,24,19.3
yaku,2022,11,4,1.5,0,7.9,19.9,22.9,17.2
yaku,2022,11,5,0,0,6.2,18,21,16.3
yaku,2022,11,6,0,0,3.4,18.4,22.4,15.2
yaku,2022,11,7,0,0,3.2,19.6,24,17
yaku,2022,11,8,0,0,3.3,19,23.9,15.1
yaku,2022,11,9,0,0,2.6,19.8,24.7,15
yaku,2022,11,10,0,0,3,22.2,25.4,19.1
yaku,2022,11,11,0,0,3.2,21.9,24.4,20.4
yaku,2022,11,12,7.5,0,4.6,22.3,25.3,20.7
yaku,2022,11,13,50,0,7.1,22.7,26.3,19.1
yaku,2022,11,14,0,0,5.5,19.7,23,17.9
yaku,2022,11,15,0.5,0,6,18,20.8,16.4
yaku,2022,11,16,0,1,6.1,17,19.7,14.9
yaku,2022,11,17,6,0,2.7,17.4,22.1,12.7
yaku,2022,11,18,72,0,4.1,18.8,21.2,15.9
yaku,2022,11,19,138.5,0,5.4,19.7,20.6,18.2
yaku,2022,11,20,35,0,3.1,18.7,20.3,17.9
yaku,2022,11,21,3.5,0,2.3,19.4,23,17.1
yaku,2022,11,22,2.5,0,2.7,19.7,22.2,16.9
yaku,2022,11,23,1,0,5.3,20.5,23.2,18.5
yaku,2022,11,24,0,0,5.9,18.6,21.7,16.5
yaku,2022,11,25,0,0,3.9,18.4,20.9,14.2
yaku,2022,11,26,13,0,5.1,18.5,20.5,16.6
yaku,2022,11,27,0,0,3.5,19.4,23.1,14.9
yaku,2022,11,28,6,0,5.9,21.7,23.7,19.3
yaku,2022,11,29,99.5,0,3.4,22.4,26.4,20.8
yaku,2022,11,30,14.5,0,9.8,16.3,21.6,13.7
yaku,2022,12,1,0,0,8.4,12.7,14.1,11.5
yaku,2022,12,2,0.5,0,6,11.9,15.6,9.8
yaku,2022,12,3,16,0,2.7,16.5,19.1,14.3
yaku,2022,12,4,56,0,6.1,17.7,18.8,16.3
yaku,2022,12,5,39,0,8.4,13.9,16.8,10.4
yaku,2022,12,6,0,0,9,12.7,15.4,10.6
yaku,2022,12,7,0,1,7.2,12.8,15.8,10.5
yaku,2022,12,8,0,0,3.9,14.8,18.4,11.1
yaku,2022,12,9,7,0,4,16.4,18.7,13
yaku,2022,12,10,0,0,4.2,18.1,20.3,15.8
yaku,2022,12,11,2,0,6.4,15.6,19.2,12.8
yaku,2022,12,12,0,0,4.1,15.4,19.4,10.6
yaku,2022,12,13,16.5,0,7,15.2,18,13.5
yaku,2022,12,14,1,0,8.4,12.9,16.1,8.2
yaku,2022,12,15,0,0,4.7,10.5,13.2,8.3
yaku,2022,12,16,19.5,0,4.1,12.4,14.7,10.1
yaku,2022,12,17,49,0,8.9,11.3,13.6,9.2
yaku,2022,12,18,21,0,6.9,7.9,9.7,6.3
yaku,2022,12,19,27.5,0,5.4,8.6,10,7.6
yaku,2022,12,20,0,1,4,11.5,14.5,8.6
yaku,2022,12,21,22,0,6,14.6,16.6,12.2
yaku,2022,12,22,8.5,0,8.6,11.8,14.9,7.6
yaku,2022,12,23,19,0,9.1,7.7,10.1,6
yaku,2022,12,24,9.5,0,9.3,8.1,10,5.8
yaku,2022,12,25,0,0,8.1,10.5,13.6,6.5
yaku,2022,12,26,0,0,6.8,11.8,13.7,10.4
yaku,2022,12,27,0,1,6.1,12,15.1,10.4
yaku,2022,12,28,0,0,4.5,11.7,13.9,10.3
yaku,2022,12,29,0,0,7,11.2,13.5,9.9
yaku,2022,12,30,0,0,6.9,10.9,12.7,10.1
yaku,2022,12,31,0,0,6.5,11.3,14.3,9.8
